stock,stock_name,year,generated_at,q1_A,q1_S,q1_G,q1_I,q1_M,q1_F,q1_X,q1_D,q2_A,q2_S,q2_G,q2_I,q2_M,q2_F,q2_X,q2_D,q3_A,q3_S,q3_G,q3_I,q3_M,q3_F,q3_X,q3_D,q4_A,q4_S,q4_G,q4_I,q4_M,q4_F,q4_X,q4_D
GOOGL,Alphabet Inc.,2026,2026-09-27T08:25:39.672509+00:00,,,,[I](https://github.com/wenchiehlee-money/InvestorConference/blob/main/data/GOOGL/GOOGL_2026_q1_ir_en.pdf),[M](https://github.com/wenchiehlee-money/InvestorConference/blob/main/data/GOOGL/GOOGL_2026_q1_ir_en.md),[F](https://github.com/wenchiehlee-money/InvestorConference/blob/main/data/GOOGL/GOOGL_2026_q1_report_en.pdf),[X](https://github.com/wenchiehlee-money/InvestorConference/blob/main/data/GOOGL/GOOGL_2026_q1_report_en.md),,[A](https://github.com/wenchiehlee-money/InvestorConference/releases/download/audio-files/GOOGL_2026_q2.m4a),,,[I](https://github.com/wenchiehlee-money/InvestorConference/blob/main/data/GOOGL/GOOGL_2026_q2_ir_en.pdf),[M](https://github.com/wenchiehlee-money/InvestorConference/blob/main/data/GOOGL/GOOGL_2026_q2_ir_en.md),[F](https://github.com/wenchiehlee-money/InvestorConference/blob/main/data/GOOGL/GOOGL_2026_q2_report_en.pdf),[X](https://github.com/wenchiehlee-money/InvestorConference/blob/main/data/GOOGL/GOOGL_2026_q2_report_en.md),[D-](https://github.com/wenchiehlee-money/InvestorConference/blob/main/data/reports/conference-digests/GOOGL/GOOGL_2026_q2_digest.md),,,,,,,,,,,,,,,,
AMZN,Amazon.com Inc. 亞馬遜,2026,2026-09-27T08:25:39.672509+00:00,,,,[I](https://github.com/wenchiehlee-money/InvestorConference/blob/main/data/AMZN/AMZN_2026_q1_ir_en.pdf),[M](https://github.com/wenchiehlee-money/InvestorConference/blob/main/data/AMZN/AMZN_2026_q1_ir_en.md),[F](https://github.com/wenchiehlee-money/InvestorConference/blob/main/data/AMZN/AMZN_2026_q1_report_en.pdf),[X](https://github.com/wenchiehlee-money/InvestorConference/blob/main/data/AMZN/AMZN_2026_q1_report_en.md),,[A](https://github.com/wenchiehlee-money/InvestorConference/releases/download/audio-files/AMZN_2026_q2.m4a),[S](https://github.com/wenchiehlee-money/InvestorConference/blob/main/data/AMZN/AMZN_2026_q2_FIN.srt),,[I](https://github.com/wenchiehlee-money/InvestorConference/blob/main/data/AMZN/AMZN_2026_q2_google_finance_transcript.md),[M](https://github.com/wenchiehlee-money/InvestorConference/blob/main/data/AMZN/AMZN_2026_q2_google_finance_transcript.md),[F](https://github.com/wenchiehlee-money/InvestorConference/blob/main/data/AMZN/AMZN_2026_q2_report_en.pdf),[X](https://github.com/wenchiehlee-money/InvestorConference/blob/main/data/AMZN/AMZN_2026_q2_report_en.md),,,,,,,,,,,,,,,,,
AMD,AMD 超微,2026,2026-09-27T08:25:39.672509+00:00,,,,[I](https://github.com/wenchiehlee-money/InvestorConference/blob/main/data/AMD/AMD_2026_q1_ir_en.pdf),[M](https://github.com/wenchiehlee-money/InvestorConference/blob/main/data/AMD/AMD_2026_q1_ir_en.md),[F](https://github.com/wenchiehlee-money/InvestorConference/blob/main/data/AMD/AMD_2026_q1_financial_tables.pdf),[X](https://github.com/wenchiehlee-money/InvestorConference/blob/main/data/AMD/AMD_2026_q1_financial_tables.md),,[A](https://github.com/wenchiehlee-money/InvestorConference/releases/download/audio-files/AMD_2026_q2.m4a),[S](https://github.com/wenchiehlee-money/InvestorConference/blob/main/data/AMD/AMD_2026_q2_FIN.srt),,[I](https://github.com/wenchiehlee-money/InvestorConference/blob/main/data/AMD/AMD_2026_q2_google_finance_transcript.md),[M](https://github.com/wenchiehlee-money/InvestorConference/blob/main/data/AMD/AMD_2026_q2_ir_en.md),[F](https://github.com/wenchiehlee-money/InvestorConference/blob/main/data/AMD/AMD_2026_q2_financial_tables.pdf),[X](https://github.com/wenchiehlee-money/InvestorConference/blob/main/data/AMD/AMD_2026_q2_financial_tables.md),,,,,,,,,,,,,,,,,
AMD,AMD 超微,2025,2026-09-27T08:25:39.672509+00:00,,,,,,,,,,,,,,,,,,,,,,,,,,,,[I](https://github.com/wenchiehlee-money/InvestorConference/blob/main/data/AMD/AMD_2025_q4_ir_en.pdf),[M](https://github.com/wenchiehlee-money/InvestorConference/blob/main/data/AMD/AMD_2025_q4_ir_en.md),[F](https://github.com/wenchiehlee-money/InvestorConference/blob/main/data/AMD/AMD_2025_q4_financial_tables.pdf),[X](https://github.com/wenchiehlee-money/InvestorConference/blob/main/data/AMD/AMD_2025_q4_financial_tables.md),
AAPL,Apple 蘋果,2026,2026-09-27T08:25:39.672509+00:00,,,,,,[F](https://github.com/wenchiehlee-money/InvestorConference/blob/main/data/AAPL/AAPL_2026_q1_report_en.pdf),[X](https://github.com/wenchiehlee-money/InvestorConference/blob/main/data/AAPL/AAPL_2026_q1_report_en.md),,,,,,,[F](https://github.com/wenchiehlee-money/InvestorConference/blob/main/data/AAPL/AAPL_2026_q2_report_en.md),[X](https://github.com/wenchiehlee-money/InvestorConference/blob/main/data/AAPL/AAPL_2026_q2_report_en.md),,[A](https://github.com/wenchiehlee-money/InvestorConference/releases/download/audio-files/AAPL_2026_q3.m4a),[S](https://github.com/wenchiehlee-money/InvestorConference/blob/main/data/AAPL/AAPL_2026_q3_FIN.srt),,[I](https://github.com/wenchiehlee-money/InvestorConference/blob/main/data/AAPL/AAPL_2026_q3_google_finance_transcript.md),[M](https://github.com/wenchiehlee-money/InvestorConference/blob/main/data/AAPL/AAPL_2026_q3_google_finance_transcript.md),[F](https://github.com/wenchiehlee-money/InvestorConference/blob/main/data/AAPL/AAPL_2026_q3_report_en.pdf),[X](https://github.com/wenchiehlee-money/InvestorConference/blob/main/data/AAPL/AAPL_2026_q3_report_en.md),,,,,,,,,
ARM,Arm Holdings plc 安謀,2027,2026-09-27T08:25:39.672509+00:00,[A](https://github.com/wenchiehlee-money/InvestorConference/releases/download/audio-files/ARM_2027_q1.m4a),,,[I](https://github.com/wenchiehlee-money/InvestorConference/blob/main/data/ARM/ARM_2027_q1_google_finance_transcript.md),[M](https://github.com/wenchiehlee-money/InvestorConference/blob/main/data/ARM/ARM_2027_q1_ir_en.md),[F](https://github.com/wenchiehlee-money/InvestorConference/blob/main/data/ARM/ARM_2027_q1_report_en.pdf),[X](https://github.com/wenchiehlee-money/InvestorConference/blob/main/data/ARM/ARM_2027_q1_report_en.md),,,,,,,,,,,,,,,,,,,,,,,,,
ASML,ASML Holding N.V. 艾司摩爾,2026,2026-09-27T08:25:39.672509+00:00,[A](https://github.com/wenchiehlee-money/InvestorConference/releases/download/audio-files/ASML_2026_q1.m4a),,,[I](https://github.com/wenchiehlee-money/InvestorConference/blob/main/data/ASML/ASML_2026_q1_ir_en.pdf),[M](https://github.com/wenchiehlee-money/InvestorConference/blob/main/data/ASML/ASML_2026_q1_ir_en.md),[F](https://github.com/wenchiehlee-money/InvestorConference/blob/main/data/ASML/ASML_2026_q1_report_en.pdf),[X](https://github.com/wenchiehlee-money/InvestorConference/blob/main/data/ASML/ASML_2026_q1_report_en.md),,[A](https://github.com/wenchiehlee-money/InvestorConference/releases/download/audio-files/ASML_2026_q2.m4a),[S](https://github.com/wenchiehlee-money/InvestorConference/blob/main/data/ASML/ASML_2026_q2_FIN.srt),,[I](https://github.com/wenchiehlee-money/InvestorConference/blob/main/data/ASML/ASML_2026_q2_ir_en.pdf),[M](https://github.com/wenchiehlee-money/InvestorConference/blob/main/data/ASML/ASML_2026_q2_ir_en.md),[F](https://github.com/wenchiehlee-money/InvestorConference/blob/main/data/ASML/ASML_2026_q2_report_en.pdf),[X](https://github.com/wenchiehlee-money/InvestorConference/blob/main/data/ASML/ASML_2026_q2_report_en.md),,,,,,,,,,,,,,,,,
AVGO,Broadcom Inc. 博通,2026,2026-09-27T08:25:39.672509+00:00,,,,[I](https://github.com/wenchiehlee-money/InvestorConference/blob/main/data/AVGO/AVGO_2026_q1_ir_en.pdf),[M](https://github.com/wenchiehlee-money/InvestorConference/blob/main/data/AVGO/AVGO_2026_q1_ir_en.md),[F](https://github.com/wenchiehlee-money/InvestorConference/blob/main/data/AVGO/AVGO_2026_q1_report_en.pdf),[X](https://github.com/wenchiehlee-money/InvestorConference/blob/main/data/AVGO/AVGO_2026_q1_report_en.md),,,,,[I](https://github.com/wenchiehlee-money/InvestorConference/blob/main/data/AVGO/AVGO_2026_q2_ir_en.pdf),[M](https://github.com/wenchiehlee-money/InvestorConference/blob/main/data/AVGO/AVGO_2026_q2_ir_en.md),[F](https://github.com/wenchiehlee-money/InvestorConference/blob/main/data/AVGO/AVGO_2026_q2_report_en.pdf),[X](https://github.com/wenchiehlee-money/InvestorConference/blob/main/data/AVGO/AVGO_2026_q2_report_en.md),,[A](https://github.com/wenchiehlee-money/InvestorConference/releases/download/audio-files/AVGO_2026_q3.m4a),[S](https://github.com/wenchiehlee-money/InvestorConference/blob/main/data/AVGO/AVGO_2026_q3_FIN.srt),[G](https://github.com/wenchiehlee-money/InvestorConference/blob/main/data/AVGO/AVGO_2026_q3_GT.srt),[I](https://github.com/wenchiehlee-money/InvestorConference/blob/main/data/AVGO/AVGO_2026_q3_ir_en.pdf),[M](https://github.com/wenchiehlee-money/InvestorConference/blob/main/data/AVGO/AVGO_2026_q3_google_finance_transcript.md),[F](https://github.com/wenchiehlee-money/InvestorConference/blob/main/data/AVGO/AVGO_2026_q3_report_en.pdf),[X](https://github.com/wenchiehlee-money/InvestorConference/blob/main/data/AVGO/AVGO_2026_q3_report_en.md),[D](https://github.com/wenchiehlee-money/InvestorConference/blob/main/data/reports/conference-digests/AVGO/AVGO_2026_q3_digest.md),,,,,,,,
DELL,Dell Technologies 戴爾科技,2027,2026-09-27T08:25:39.672509+00:00,,,,,,,,,[A](https://github.com/wenchiehlee-money/InvestorConference/releases/download/audio-files/DELL_2027_q2.m4a),[S](https://github.com/wenchiehlee-money/InvestorConference/blob/main/data/DELL/DELL_2027_q2_FIN.srt),[G](https://github.com/wenchiehlee-money/InvestorConference/blob/main/data/DELL/DELL_2027_q2_GT.srt),[I](https://github.com/wenchiehlee-money/InvestorConference/blob/main/data/DELL/DELL_2027_q2_performance_review.pdf),[M](https://github.com/wenchiehlee-money/InvestorConference/blob/main/data/DELL/DELL_2027_q2_google_finance_transcript.md),[F](https://github.com/wenchiehlee-money/InvestorConference/blob/main/data/DELL/DELL_2027_q2_report_en.pdf),[X](https://github.com/wenchiehlee-money/InvestorConference/blob/main/data/DELL/DELL_2027_q2_report_en.md),[D](https://github.com/wenchiehlee-money/InvestorConference/blob/main/data/reports/conference-digests/DELL/DELL_2027_q2_digest.md),,,,,,,,,,,,,,,,
DELL,Dell Technologies 戴爾科技,2026,2026-09-27T08:25:39.672509+00:00,[A](https://github.com/wenchiehlee-money/InvestorConference/releases/download/audio-files/DELL_2026_q1.m4a),[S](https://github.com/wenchiehlee-money/InvestorConference/blob/main/data/DELL/DELL_2026_q1_FIN.srt),[G](https://github.com/wenchiehlee-money/InvestorConference/blob/main/data/DELL/DELL_2026_q1_GT.srt),[I](https://github.com/wenchiehlee-money/InvestorConference/blob/main/data/DELL/DELL_2026_q1_performance_review.pdf),[M](https://github.com/wenchiehlee-money/InvestorConference/blob/main/data/DELL/DELL_2026_q1_performance_review.md),[F](https://github.com/wenchiehlee-money/InvestorConference/blob/main/data/DELL/DELL_2026_q1_financial_tables.pdf),[X](https://github.com/wenchiehlee-money/InvestorConference/blob/main/data/DELL/DELL_2026_q1_report_en.md),[D](https://github.com/wenchiehlee-money/InvestorConference/blob/main/data/reports/conference-digests/DELL/DELL_2026_q1_digest.md),,,,,,,,,,,,,,,,,,,,,,,,
GFS,GlobalFoundries Inc.,2026,2026-09-27T08:25:39.672509+00:00,,,,[I](https://github.com/wenchiehlee-money/InvestorConference/blob/main/data/GFS/GFS_2026_q1_ir_en.pdf),[M](https://github.com/wenchiehlee-money/InvestorConference/blob/main/data/GFS/GFS_2026_q1_ir_en.md),[F](https://github.com/wenchiehlee-money/InvestorConference/blob/main/data/GFS/GFS_2026_q1_report_en.pdf),[X](https://github.com/wenchiehlee-money/InvestorConference/blob/main/data/GFS/GFS_2026_q1_report_en.md),,,,,[I](https://github.com/wenchiehlee-money/InvestorConference/blob/main/data/GFS/GFS_2026_q2_ir_en.pdf),[M](https://github.com/wenchiehlee-money/InvestorConference/blob/main/data/GFS/GFS_2026_q2_ir_en.md),[F](https://github.com/wenchiehlee-money/InvestorConference/blob/main/data/GFS/GFS_2026_q2_report_en.pdf),[X](https://github.com/wenchiehlee-money/InvestorConference/blob/main/data/GFS/GFS_2026_q2_report_en.md),,,,,,,[F](https://github.com/wenchiehlee-money/InvestorConference/blob/main/data/GFS/GFS_2026_q3_report_en.md),[X](https://github.com/wenchiehlee-money/InvestorConference/blob/main/data/GFS/GFS_2026_q3_report_en.md),,,,,,,,,
HPE,Hewlett Packard Enterprise Co. 慧與科技,2026,2026-09-27T08:25:39.672509+00:00,,,,[I](https://github.com/wenchiehlee-money/InvestorConference/blob/main/data/HPE/HPE_2026_q1_performance_review.pdf),[M](https://github.com/wenchiehlee-money/InvestorConference/blob/main/data/HPE/HPE_2026_q1_performance_review.md),[F](https://github.com/wenchiehlee-money/InvestorConference/blob/main/data/HPE/HPE_2026_q1_report_en.pdf),[X](https://github.com/wenchiehlee-money/InvestorConference/blob/main/data/HPE/HPE_2026_q1_report_en.md),,,,,,,,,,[A](https://github.com/wenchiehlee-money/InvestorConference/releases/download/audio-files/HPE_2026_q3.m4a),[S](https://github.com/wenchiehlee-money/InvestorConference/blob/main/data/HPE/HPE_2026_q3_FIN.srt),[G](https://github.com/wenchiehlee-money/InvestorConference/blob/main/data/HPE/HPE_2026_q3_GT.srt),[I](https://github.com/wenchiehlee-money/InvestorConference/blob/main/data/HPE/HPE_2026_q3_performance_review.pdf),[M](https://github.com/wenchiehlee-money/InvestorConference/blob/main/data/HPE/HPE_2026_q3_google_finance_transcript.md),[F](https://github.com/wenchiehlee-money/InvestorConference/blob/main/data/HPE/HPE_2026_q3_report_en.pdf),[X](https://github.com/wenchiehlee-money/InvestorConference/blob/main/data/HPE/HPE_2026_q3_financial_tables.md),[D](https://github.com/wenchiehlee-money/InvestorConference/blob/main/data/reports/conference-digests/HPE/HPE_2026_q3_digest.md),,,,,,,,
HPQ,HP Inc.,2026,2026-09-27T08:25:39.672509+00:00,,,,[I](https://github.com/wenchiehlee-money/InvestorConference/blob/main/data/HPQ/HPQ_2026_q1_ir_en.pdf),[M](https://github.com/wenchiehlee-money/InvestorConference/blob/main/data/HPQ/HPQ_2026_q1_ir_en.md),[F](https://github.com/wenchiehlee-money/InvestorConference/blob/main/data/HPQ/HPQ_2026_q1_report_en.pdf),[X](https://github.com/wenchiehlee-money/InvestorConference/blob/main/data/HPQ/HPQ_2026_q1_report_en.md),,,,,,,,,,,,,[I](https://github.com/wenchiehlee-money/InvestorConference/blob/main/data/HPQ/HPQ_2026_q3_ir_en.pdf),[M](https://github.com/wenchiehlee-money/InvestorConference/blob/main/data/HPQ/HPQ_2026_q3_ir_en.md),[F](https://github.com/wenchiehlee-money/InvestorConference/blob/main/data/HPQ/HPQ_2026_q3_report_en.pdf),[X](https://github.com/wenchiehlee-money/InvestorConference/blob/main/data/HPQ/HPQ_2026_q3_report_en.md),[D-](https://github.com/wenchiehlee-money/InvestorConference/blob/main/data/reports/conference-digests/HPQ/HPQ_2026_q3_digest.md),,,,,,,,
INTC,Intel Corporation,2026,2026-09-27T08:25:39.672509+00:00,,,,[I](https://github.com/wenchiehlee-money/InvestorConference/blob/main/data/INTC/INTC_2026_q1_ir_en.pdf),[M](https://github.com/wenchiehlee-money/InvestorConference/blob/main/data/INTC/INTC_2026_q1_ir_en.md),[F](https://github.com/wenchiehlee-money/InvestorConference/blob/main/data/INTC/INTC_2026_q1_report_en.pdf),[X](https://github.com/wenchiehlee-money/InvestorConference/blob/main/data/INTC/INTC_2026_q1_report_en.md),,[A](https://github.com/wenchiehlee-money/InvestorConference/releases/download/audio-files/INTC_2026_q2.m4a),,,[I](https://github.com/wenchiehlee-money/InvestorConference/blob/main/data/INTC/INTC_2026_q2_ir_en.pdf),[M](https://github.com/wenchiehlee-money/InvestorConference/blob/main/data/INTC/INTC_2026_q2_ir_en.md),[F](https://github.com/wenchiehlee-money/InvestorConference/blob/main/data/INTC/INTC_2026_q2_report_en.pdf),[X](https://github.com/wenchiehlee-money/InvestorConference/blob/main/data/INTC/INTC_2026_q2_report_en.md),,,,,,,,,,,,,,,,,
0992.HK,Lenovo Group Limited,2027,2026-09-27T08:25:39.672509+00:00,[A](https://github.com/wenchiehlee-money/InvestorConference/releases/download/audio-files/0992HK_2027_q1.m4a),[S](https://github.com/wenchiehlee-money/InvestorConference/blob/main/data/0992HK/0992HK_2027_q1_FIN.srt),[G](https://github.com/wenchiehlee-money/InvestorConference/blob/main/data/0992HK/0992HK_2027_q1_GT.srt),[I](https://github.com/wenchiehlee-money/InvestorConference/blob/main/data/0992HK/0992HK_2027_q1_ir_en.pdf),[M](https://github.com/wenchiehlee-money/InvestorConference/blob/main/data/0992HK/0992HK_2027_q1_ir_en.md),[F](https://github.com/wenchiehlee-money/InvestorConference/blob/main/data/0992HK/0992HK_2027_q1_report_en.pdf),[X](https://github.com/wenchiehlee-money/InvestorConference/blob/main/data/0992HK/0992HK_2027_q1_report_en.md),[D](https://github.com/wenchiehlee-money/InvestorConference/blob/main/data/reports/conference-digests/0992HK/0992HK_2027_q1_digest.md),,,,,,,,,,,,,,,,,,,,,,,,
0992.HK,Lenovo Group Limited,2026,2026-09-27T08:25:39.672509+00:00,,,,[I](https://github.com/wenchiehlee-money/InvestorConference/blob/main/data/0992.HK/0992HK_2026_q1_ir_en.pdf),[M](https://github.com/wenchiehlee-money/InvestorConference/blob/main/data/0992.HK/0992HK_2026_q1_ir_en.md),[F](https://github.com/wenchiehlee-money/InvestorConference/blob/main/data/0992.HK/0992HK_2026_q1_report_en.pdf),[X](https://github.com/wenchiehlee-money/InvestorConference/blob/main/data/0992.HK/0992HK_2026_q1_report_en.md),,,,,,,,,,,,,,,,,,,,,,,,,
MRVL,"Marvell Technology, Inc.",2027,2026-09-27T08:25:39.672509+00:00,,,,,,,,,,,,[I](https://github.com/wenchiehlee-money/InvestorConference/blob/main/data/MRVL/MRVL_2027_q2_performance_review.pdf),[M](https://github.com/wenchiehlee-money/InvestorConference/blob/main/data/MRVL/MRVL_2027_q2_performance_review.md),[F](https://github.com/wenchiehlee-money/InvestorConference/blob/main/data/MRVL/MRVL_2027_q2_report_en.pdf),[X](https://github.com/wenchiehlee-money/InvestorConference/blob/main/data/MRVL/MRVL_2027_q2_financial_tables.md),[D-](https://github.com/wenchiehlee-money/InvestorConference/blob/main/data/reports/conference-digests/MRVL/MRVL_2027_q2_digest.md),,,,,,,,,,,,,,,,
META,Meta Platforms Inc. Meta,2026,2026-09-27T08:25:39.672509+00:00,,,,[I](https://github.com/wenchiehlee-money/InvestorConference/blob/main/data/META/META_2026_q1_ir_en.pdf),[M](https://github.com/wenchiehlee-money/InvestorConference/blob/main/data/META/META_2026_q1_ir_en.md),[F](https://github.com/wenchiehlee-money/InvestorConference/blob/main/data/META/META_2026_q1_report_en.pdf),[X](https://github.com/wenchiehlee-money/InvestorConference/blob/main/data/META/META_2026_q1_report_en.md),,[A](https://github.com/wenchiehlee-money/InvestorConference/releases/download/audio-files/META_2026_q2.m4a),[S](https://github.com/wenchiehlee-money/InvestorConference/blob/main/data/META/META_2026_q2_FIN.srt),,[I](https://github.com/wenchiehlee-money/InvestorConference/blob/main/data/META/META_2026_q2_ir_en.pdf),[M](https://github.com/wenchiehlee-money/InvestorConference/blob/main/data/META/META_2026_q2_google_finance_transcript.md),[F](https://github.com/wenchiehlee-money/InvestorConference/blob/main/data/META/META_2026_q2_report_en.pdf),[X](https://github.com/wenchiehlee-money/InvestorConference/blob/main/data/META/META_2026_q2_report_en.md),,,,,,,,,,,,,,,,,
MU,Micron Technology 美光,2026,2026-09-27T08:25:39.672509+00:00,,,,,,[F](https://github.com/wenchiehlee-money/InvestorConference/blob/main/data/MU/MU_2026_q1_report_en.md),[X](https://github.com/wenchiehlee-money/InvestorConference/blob/main/data/MU/MU_2026_q1_report_en.md),,,,,,,,,,,,,[I](https://github.com/wenchiehlee-money/InvestorConference/blob/main/data/MU/MU_2026_q3_ir_en.pdf),[M](https://github.com/wenchiehlee-money/InvestorConference/blob/main/data/MU/MU_2026_q3_ir_en.md),[F](https://github.com/wenchiehlee-money/InvestorConference/blob/main/data/MU/MU_2026_q3_report_en.pdf),[X](https://github.com/wenchiehlee-money/InvestorConference/blob/main/data/MU/MU_2026_q3_report_en.md),,,,,,,,,
MSFT,Microsoft 微軟,2026,2026-09-27T08:25:39.672509+00:00,,,,,,,,,,,,,,,,,,,,,,,,,[A](https://github.com/wenchiehlee-money/InvestorConference/releases/download/audio-files/MSFT_2026_q4.m4a),[S](https://github.com/wenchiehlee-money/InvestorConference/blob/main/data/MSFT/MSFT_2026_q4_FIN.srt),,[I](https://github.com/wenchiehlee-money/InvestorConference/blob/main/data/MSFT/MSFT_2026_q4_google_finance_transcript.md),[M](https://github.com/wenchiehlee-money/InvestorConference/blob/main/data/MSFT/MSFT_2026_q4_google_finance_transcript.md),[F](https://github.com/wenchiehlee-money/InvestorConference/blob/main/data/MSFT/MSFT_2026_q4_report_en.pdf),[X](https://github.com/wenchiehlee-money/InvestorConference/blob/main/data/MSFT/MSFT_2026_q4_report_en.md),
NVDA,NVIDIA 輝達,2027,2026-09-27T08:25:39.672509+00:00,,,,,,,,,[A](https://github.com/wenchiehlee-money/InvestorConference/releases/download/audio-files/NVDA_2027_q2.m4a),[S](https://github.com/wenchiehlee-money/InvestorConference/blob/main/data/NVDA/NVDA_2027_q2_FIN.srt),[G](https://github.com/wenchiehlee-money/InvestorConference/blob/main/data/NVDA/NVDA_2027_q2_GT.srt),[I](https://github.com/wenchiehlee-money/InvestorConference/blob/main/data/NVDA/NVDA_2027_q2_google_finance_transcript.md),[M](https://github.com/wenchiehlee-money/InvestorConference/blob/main/data/NVDA/NVDA_2027_q2_google_finance_transcript.md),[F](https://github.com/wenchiehlee-money/InvestorConference/blob/main/data/NVDA/NVDA_2027_q2_report_en.pdf),[X](https://github.com/wenchiehlee-money/InvestorConference/blob/main/data/NVDA/NVDA_2027_q2_report_en.md),[D](https://github.com/wenchiehlee-money/InvestorConference/blob/main/data/reports/conference-digests/NVDA/NVDA_2027_q2_digest.md),,,,,,,,,,,,,,,,
ORCL,Oracle Corporation 甲骨文,2027,2026-09-27T08:25:39.672509+00:00,[A](https://github.com/wenchiehlee-money/InvestorConference/releases/download/audio-files/ORCL_2027_q1.m4a),,,[I](https://github.com/wenchiehlee-money/InvestorConference/blob/main/data/ORCL/ORCL_2027_q1_google_finance_transcript.md),[M](https://github.com/wenchiehlee-money/InvestorConference/blob/main/data/ORCL/ORCL_2027_q1_google_finance_transcript.md),,,,,,,,,,,,,,,,,,,,,,,,,,,
ORCL,Oracle Corporation 甲骨文,2026,2026-09-27T08:25:39.672509+00:00,,,,[I](https://github.com/wenchiehlee-money/InvestorConference/blob/main/data/ORCL/ORCL_2026_q1_ir_en.pdf),[M](https://github.com/wenchiehlee-money/InvestorConference/blob/main/data/ORCL/ORCL_2026_q1_ir_en.md),[F](https://github.com/wenchiehlee-money/InvestorConference/blob/main/data/ORCL/ORCL_2026_q1_report_en.pdf),[X](https://github.com/wenchiehlee-money/InvestorConference/blob/main/data/ORCL/ORCL_2026_q1_report_en.md),,,,,,,,,,,,,,,[F](https://github.com/wenchiehlee-money/InvestorConference/blob/main/data/ORCL/ORCL_2026_q3_report_en.md),[X](https://github.com/wenchiehlee-money/InvestorConference/blob/main/data/ORCL/ORCL_2026_q3_report_en.md),,,,,,,[F](https://github.com/wenchiehlee-money/InvestorConference/blob/main/data/ORCL/ORCL_2026_q4_report_en.md),[X](https://github.com/wenchiehlee-money/InvestorConference/blob/main/data/ORCL/ORCL_2026_q4_report_en.md),
QCOM,Qualcomm 高通,2026,2026-09-27T08:25:39.672509+00:00,[A](https://github.com/wenchiehlee-money/InvestorConference/releases/download/audio-files/QCOM_2026_q1.m4a),[S](https://github.com/wenchiehlee-money/InvestorConference/blob/main/data/QCOM/QCOM_2026_q1_FIN.srt),[G](https://github.com/wenchiehlee-money/InvestorConference/blob/main/data/QCOM/QCOM_2026_q1_GT.srt),[I](https://github.com/wenchiehlee-money/InvestorConference/blob/main/data/QCOM/QCOM_2026_q1_ir_en.pdf),[M](https://github.com/wenchiehlee-money/InvestorConference/blob/main/data/QCOM/QCOM_2026_q1_ir_en.md),[F](https://github.com/wenchiehlee-money/InvestorConference/blob/main/data/QCOM/QCOM_2026_q1_report_en.pdf),[X](https://github.com/wenchiehlee-money/InvestorConference/blob/main/data/QCOM/QCOM_2026_q1_report_en.md),[D](https://github.com/wenchiehlee-money/InvestorConference/blob/main/data/reports/conference-digests/QCOM/QCOM_2026_q1_digest.md),,,,,,,,,[A](https://github.com/wenchiehlee-money/InvestorConference/releases/download/audio-files/QCOM_2026_q3.m4a),[S](https://github.com/wenchiehlee-money/InvestorConference/blob/main/data/QCOM/QCOM_2026_q3_FIN.srt),,[I](https://github.com/wenchiehlee-money/InvestorConference/blob/main/data/QCOM/QCOM_2026_q3_ir_en.pdf),[M](https://github.com/wenchiehlee-money/InvestorConference/blob/main/data/QCOM/QCOM_2026_q3_google_finance_transcript.md),[F](https://github.com/wenchiehlee-money/InvestorConference/blob/main/data/QCOM/QCOM_2026_q3_report_en.pdf),[X](https://github.com/wenchiehlee-money/InvestorConference/blob/main/data/QCOM/QCOM_2026_q3_report_en.md),,,,,,,,,
QCOM,Qualcomm 高通,2025,2026-09-27T08:25:39.672509+00:00,,,,,,,,,,,,,,,,,,,,,,,,,,[S](https://github.com/wenchiehlee-money/InvestorConference/blob/main/data/QCOM/QCOM_2025_q4_FIN.srt),,[I](https://github.com/wenchiehlee-money/InvestorConference/blob/main/data/QCOM/QCOM_2025_q4_ir.pdf),[M](https://github.com/wenchiehlee-money/InvestorConference/blob/main/data/QCOM/QCOM_2025_q4_ir.md),[F](https://github.com/wenchiehlee-money/InvestorConference/blob/main/data/QCOM/QCOM_2025_q4_report_en.md),[X](https://github.com/wenchiehlee-money/InvestorConference/blob/main/data/QCOM/QCOM_2025_q4_report_en.md),
SNDK,Sandisk Corp,2026,2026-09-27T08:25:39.672509+00:00,,,,[I](https://github.com/wenchiehlee-money/InvestorConference/blob/main/data/SNDK/SNDK_2026_q1_ir_en.pdf),[M](https://github.com/wenchiehlee-money/InvestorConference/blob/main/data/SNDK/SNDK_2026_q1_ir_en.md),[F](https://github.com/wenchiehlee-money/InvestorConference/blob/main/data/SNDK/SNDK_2026_q1_report_en.md),[X](https://github.com/wenchiehlee-money/InvestorConference/blob/main/data/SNDK/SNDK_2026_q1_report_en.md),,,,,,,,,,,,,,,,,,,,,[I](https://github.com/wenchiehlee-money/InvestorConference/blob/main/data/SNDK/SNDK_2026_q4_ir_en.pdf),[M](https://github.com/wenchiehlee-money/InvestorConference/blob/main/data/SNDK/SNDK_2026_q4_ir_en.md),[F](https://github.com/wenchiehlee-money/InvestorConference/blob/main/data/SNDK/SNDK_2026_q4_report_en.md),[X](https://github.com/wenchiehlee-money/InvestorConference/blob/main/data/SNDK/SNDK_2026_q4_report_en.md),
0981.HK,Semiconductor Manufacturing International Corporation（中芯國際）,2026,2026-09-27T08:25:39.672509+00:00,,,,,,[F](https://github.com/wenchiehlee-money/InvestorConference/blob/main/data/0981.HK/0981HK_2026_q1_report_en.pdf),[X](https://github.com/wenchiehlee-money/InvestorConference/blob/main/data/0981.HK/0981HK_2026_q1_report_en.md),,[A](https://github.com/wenchiehlee-money/InvestorConference/releases/download/audio-files/0981HK_2026_q2_webcast.m4a),[S](https://github.com/wenchiehlee-money/InvestorConference/blob/main/data/0981HK/0981HK_2026_q2_FIN.srt),,[-](https://www.smics.com/en/site/company_financialSummary?year=2026),[-](https://www.smics.com/en/site/company_financialSummary?year=2026),[F](https://github.com/wenchiehlee-money/InvestorConference/blob/main/data/0981.HK/0981HK_2026_q2_report_en.pdf),[X](https://github.com/wenchiehlee-money/InvestorConference/blob/main/data/0981.HK/0981HK_2026_q2_report_en.md),[D-](https://github.com/wenchiehlee-money/InvestorConference/blob/main/data/reports/conference-digests/0981.HK/0981.HK_2026_q2_digest.md),,,,,,,,,,,,,,,,
SIMO,Silicon Motion Technology Corporation 慧榮科技,2026,2026-09-27T08:25:39.672509+00:00,,,,[I](https://github.com/wenchiehlee-money/InvestorConference/blob/main/data/SIMO/SIMO_2026_q1_ir_en.pdf),[M](https://github.com/wenchiehlee-money/InvestorConference/blob/main/data/SIMO/SIMO_2026_q1_ir_en.md),[F](https://github.com/wenchiehlee-money/InvestorConference/blob/main/data/SIMO/SIMO_2026_q1_report_en.pdf),[X](https://github.com/wenchiehlee-money/InvestorConference/blob/main/data/SIMO/SIMO_2026_q1_report_en.md),,[A](https://github.com/wenchiehlee-money/InvestorConference/releases/download/audio-files/SIMO_2026_q2.m4a),,,[I](https://github.com/wenchiehlee-money/InvestorConference/blob/main/data/SIMO/SIMO_2026_q2_ir_en.pdf),[M](https://github.com/wenchiehlee-money/InvestorConference/blob/main/data/SIMO/SIMO_2026_q2_ir_en.md),[F](https://github.com/wenchiehlee-money/InvestorConference/blob/main/data/SIMO/SIMO_2026_q2_report_en.pdf),[X](https://github.com/wenchiehlee-money/InvestorConference/blob/main/data/SIMO/SIMO_2026_q2_report_en.md),,,,,,,,,,,,,,,,,
TSM,Taiwan Semiconductor Manufacturing Company Limited 台積電,2026,2026-09-27T08:25:39.672509+00:00,,,,,,[F](https://github.com/wenchiehlee-money/InvestorConference/blob/main/data/TSM/TSM_2026_q1_report_en.md),[X](https://github.com/wenchiehlee-money/InvestorConference/blob/main/data/TSM/TSM_2026_q1_report_en.md),,[A](https://github.com/wenchiehlee-money/InvestorConference/releases/download/audio-files/TSM_2026_q2.m4a),,,[I](https://github.com/wenchiehlee-money/InvestorConference/blob/main/data/TSM/TSM_2026_q2_ir_en.pdf),[M](https://github.com/wenchiehlee-money/InvestorConference/blob/main/data/TSM/TSM_2026_q2_ir_en.md),[F](https://github.com/wenchiehlee-money/InvestorConference/blob/main/data/TSM/TSM_2026_q2_report_en.pdf),[X](https://github.com/wenchiehlee-money/InvestorConference/blob/main/data/TSM/TSM_2026_q2_report_en.md),,,,,,,,,,,,,,,,,
7722,LINEPAY,2026,2026-09-27T08:25:39.672509+00:00,,,,,,,,,,,,[I](https://github.com/wenchiehlee-money/InvestorConference/blob/main/data/7722/7722_2026_q2_ir_en.pdf),[M](https://github.com/wenchiehlee-money/InvestorConference/blob/main/data/7722/7722_2026_q2_ir_en.md),,,,,,,,,,,,,,,,,,,
7722,LINEPAY,2025,2026-09-27T08:25:39.672509+00:00,,,,,,,,,,,,,,,,,,,,,,,,,,,,[I](https://github.com/wenchiehlee-money/InvestorConference/blob/main/data/7722/7722_2025_q4_ir.pdf),[M](https://github.com/wenchiehlee-money/InvestorConference/blob/main/data/7722/7722_2025_q4_ir_en.md),,,
3661,世芯-KY,2026,2026-09-27T08:25:39.672509+00:00,,,,[I](https://github.com/wenchiehlee-money/InvestorConference/blob/main/data/3661/3661_2026_q1_ir_en.pdf),[M](https://github.com/wenchiehlee-money/InvestorConference/blob/main/data/3661/3661_2026_q1_ir.md),,,,[A](https://github.com/wenchiehlee-money/InvestorConference/releases/download/audio-files/3661_2026_q2.m4a),[S](https://github.com/wenchiehlee-money/InvestorConference/blob/main/data/3661/3661_2026_q2_FIN.srt),,,,,,,,,,,,,,,,,,,,,,
2891,中信金,2026,2026-09-27T08:25:39.672509+00:00,,,,[I](https://github.com/wenchiehlee-money/InvestorConference/blob/main/data/2891/2891_2026_q1_ir_en.pdf),[M](https://github.com/wenchiehlee-money/InvestorConference/blob/main/data/2891/2891_2026_q1_ir_en.md),,,,[A](https://github.com/wenchiehlee-money/InvestorConference/releases/download/audio-files/2891_2026_q2.m4a),[S](https://github.com/wenchiehlee-money/InvestorConference/blob/main/data/2891/2891_2026_q2_FIN.srt),,,,,,,,,,,,,,,,,,,,,,
7765,中華資安,2026,2026-09-27T08:25:39.672509+00:00,,[S](https://github.com/wenchiehlee-money/InvestorConference/blob/main/data/7765/7765_2026_q1_FIN.srt),[G](https://github.com/wenchiehlee-money/InvestorConference/blob/main/data/7765/7765_2026_q1_GT.srt),[I](https://github.com/wenchiehlee-money/InvestorConference/blob/main/data/7765/7765_2026_q1_ir_en.pdf),[M](https://github.com/wenchiehlee-money/InvestorConference/blob/main/data/7765/7765_2026_q1_ir.md),,,,[A](https://github.com/wenchiehlee-money/InvestorConference/releases/download/audio-files/7765_2026_q2.m4a),[S](https://github.com/wenchiehlee-money/InvestorConference/blob/main/data/7765/7765_2026_q2_FIN.srt),,[I](https://github.com/wenchiehlee-money/InvestorConference/blob/main/data/7765/7765_2026_q2_ir_en.pdf),[M](https://github.com/wenchiehlee-money/InvestorConference/blob/main/data/7765/7765_2026_q2_ir_en.md),,,,,,,,,,,,,,,,,,,
7765,中華資安,2025,2026-09-27T08:25:39.672509+00:00,,,,,,,,,,,,,,,,,,,,,,,,,,[S](https://github.com/wenchiehlee-money/InvestorConference/blob/main/data/7765/7765_2025_q4_FIN.srt),,[I](https://github.com/wenchiehlee-money/InvestorConference/blob/main/data/7765/7765_2025_q4_ir.pdf),[M](https://github.com/wenchiehlee-money/InvestorConference/blob/main/data/7765/7765_2025_q4_ir.md),,,
2412,中華電,2026,2026-09-27T08:25:39.672509+00:00,[A](https://github.com/wenchiehlee-money/InvestorConference/releases/download/audio-files/2412_2026_q1.mp3),[S](https://github.com/wenchiehlee-money/InvestorConference/blob/main/data/2412/2412_2026_q1_FIN.srt),[G](https://github.com/wenchiehlee-money/InvestorConference/blob/main/data/2412/2412_2026_q1_GT.srt),[I](https://github.com/wenchiehlee-money/InvestorConference/blob/main/data/2412/2412_2026_q1_ir_en.pdf),[M](https://github.com/wenchiehlee-money/InvestorConference/blob/main/data/2412/2412_2026_q1_ir_en.md),,,[D-](https://github.com/wenchiehlee-money/InvestorConference/blob/main/data/reports/conference-digests/2412/2412_2026_q1_digest.md),[A](https://github.com/wenchiehlee-money/InvestorConference/releases/download/audio-files/2412_2026_q2.mp3),[S](https://github.com/wenchiehlee-money/InvestorConference/blob/main/data/2412/2412_2026_q2_FIN.srt),[G](https://github.com/wenchiehlee-money/InvestorConference/blob/main/data/2412/2412_2026_q2_GT.srt),[I](https://github.com/wenchiehlee-money/InvestorConference/blob/main/data/2412/2412_2026_q2_ir.pdf),[M](https://github.com/wenchiehlee-money/InvestorConference/blob/main/data/2412/2412_2026_q2_ir.md),,,[D-](https://github.com/wenchiehlee-money/InvestorConference/blob/main/data/reports/conference-digests/2412/2412_2026_q2_digest.md),,,,,,,,,,,,,,,,
2412,中華電,2025,2026-09-27T08:25:39.672509+00:00,,,,,,,,,,,,,,,,,,,,,,,,,[A](https://github.com/wenchiehlee-money/InvestorConference/releases/download/audio-files/2412_2025_q4.m4a),[S](https://github.com/wenchiehlee-money/InvestorConference/blob/main/data/2412/2412_2025_q4_FIN.srt),[G](https://github.com/wenchiehlee-money/InvestorConference/blob/main/data/2412/2412_2025_q4_GT.srt),[I](https://github.com/wenchiehlee-money/InvestorConference/blob/main/data/2412/2412_2025_q4_ir_en.pdf),[M](https://github.com/wenchiehlee-money/InvestorConference/blob/main/data/2412/2412_2025_q4_ir_en.md),,,[D-](https://github.com/wenchiehlee-money/InvestorConference/blob/main/data/reports/conference-digests/2412/2412_2025_q4_digest.md)
2449,京元電子,2026,2026-09-27T08:25:39.672509+00:00,,,,[I](https://github.com/wenchiehlee-money/InvestorConference/blob/main/data/2449/2449_2026_q1_ir_en.pdf),[M](https://github.com/wenchiehlee-money/InvestorConference/blob/main/data/2449/2449_2026_q1_ir.md),,,,[A](https://github.com/wenchiehlee-money/InvestorConference/releases/download/audio-files/2449_2026_q2.m4a),[S](https://github.com/wenchiehlee-money/InvestorConference/blob/main/data/2449/2449_2026_q2_FIN.srt),,[I](https://github.com/wenchiehlee-money/InvestorConference/blob/main/data/2449/2449_2026_q2_ir_en.pdf),,,,,,,,,,,,,,,,,,,,
2324,仁寶,2026,2026-09-27T08:25:39.672509+00:00,,,,[I](https://github.com/wenchiehlee-money/InvestorConference/blob/main/data/2324/2324_2026_q1_ir_en.pdf),[M](https://github.com/wenchiehlee-money/InvestorConference/blob/main/data/2324/2324_2026_q1_ir_en.md),,,,[A](https://github.com/wenchiehlee-money/InvestorConference/releases/download/audio-files/2324_2026_q2.m4a),[S](https://github.com/wenchiehlee-money/InvestorConference/blob/main/data/2324/2324_2026_q2_FIN.srt),,[I](https://github.com/wenchiehlee-money/InvestorConference/blob/main/data/2324/2324_2026_q2_ir_en.pdf),[M](https://github.com/wenchiehlee-money/InvestorConference/blob/main/data/2324/2324_2026_q2_ir.md),,,[D-](https://github.com/wenchiehlee-money/InvestorConference/blob/main/data/reports/conference-digests/2324/2324_2026_q2_digest.md),,,,,,,,,,,,,,,,
3653,健策,2026,2026-09-27T08:25:39.672509+00:00,,,,,,,,,,,,,,,,,,,,,,,,,,,,,,,,
2301,光寶科,2026,2026-09-27T08:25:39.672509+00:00,[A](https://github.com/wenchiehlee-money/InvestorConference/releases/download/audio-files/2301_2026_q1.m4a),[S](https://github.com/wenchiehlee-money/InvestorConference/blob/main/data/2301/2301_2026_q1_FIN.srt),[G](https://github.com/wenchiehlee-money/InvestorConference/blob/main/data/2301/2301_2026_q1_GT.srt),[I](https://github.com/wenchiehlee-money/InvestorConference/blob/main/data/2301/2301_2026_q1_ir.pdf),[M](https://github.com/wenchiehlee-money/InvestorConference/blob/main/data/2301/2301_2026_q1_ir_en.md),,,,[A](https://github.com/wenchiehlee-money/InvestorConference/releases/download/audio-files/2301_2026_q2.m4a),[S](https://github.com/wenchiehlee-money/InvestorConference/blob/main/data/2301/2301_2026_q2_FIN.srt),,[I](https://github.com/wenchiehlee-money/InvestorConference/blob/main/data/2301/2301_2026_q2_ir_en.pdf),[M](https://github.com/wenchiehlee-money/InvestorConference/blob/main/data/2301/2301_2026_q2_ir_en.md),,,,,,,,,,,,,,,,,,,
2301,光寶科,2025,2026-09-27T08:25:39.672509+00:00,,,,,,,,,,,,,,,,,,,,,,,,,[A](https://github.com/wenchiehlee-money/InvestorConference/releases/download/audio-files/2301_2025_q4.m4a),[S](https://github.com/wenchiehlee-money/InvestorConference/blob/main/data/2301/2301_2025_q4_FIN.srt),,[I](https://github.com/wenchiehlee-money/InvestorConference/blob/main/data/2301/2301_2025_q4_ir.pdf),[M](https://github.com/wenchiehlee-money/InvestorConference/blob/main/data/2301/2301_2025_q4_ir.md),,,
7728,光焱科技,2026,2026-09-27T08:25:39.672509+00:00,,,,,,,,,[A](https://github.com/wenchiehlee-money/InvestorConference/releases/download/audio-files/7728_2026_q2.m4a),[S](https://github.com/wenchiehlee-money/InvestorConference/blob/main/data/7728/7728_2026_q2_FIN.srt),,[I](https://github.com/wenchiehlee-money/InvestorConference/blob/main/data/7728/7728_2026_q2_ir.pdf),,,,,,,,,,,,,,,,,,,,
8272,全景軟體,2026,2026-09-27T08:25:39.672509+00:00,,,,,,,,,,,,,,[F](https://github.com/wenchiehlee-money/InvestorConference/blob/main/data/8272/8272_2026_q2_report_en.pdf),[X](https://github.com/wenchiehlee-money/InvestorConference/blob/main/data/8272/8272_2026_q2_report_en.md),[D-](https://github.com/wenchiehlee-money/InvestorConference/blob/main/data/reports/conference-digests/8272/8272_2026_q2_digest.md),,,,,,,,,,,,,,,,
3443,創意,2026,2026-09-27T08:25:39.672509+00:00,,,,,,,,,,,,[I](https://github.com/wenchiehlee-money/InvestorConference/blob/main/data/3443/3443_2026_q2_ir.pdf),[M](https://github.com/wenchiehlee-money/InvestorConference/blob/main/data/3443/3443_2026_q2_ir.md),,,,,,,,,,,,,,,,,,,
6996,力領科技,2026,2026-09-27T08:25:39.672509+00:00,,,,[I](https://github.com/wenchiehlee-money/InvestorConference/blob/main/data/6996/6996_2026_q1_ir_en.pdf),[M](https://github.com/wenchiehlee-money/InvestorConference/blob/main/data/6996/6996_2026_q1_ir_en.md),,,,,,,,,,,,,,,,,,,,,,,,,,,
2408,南亞科,2026,2026-09-27T08:25:39.672509+00:00,,,,[I](https://github.com/wenchiehlee-money/InvestorConference/blob/main/data/2408/2408_2026_q1_ir.pdf),[M](https://github.com/wenchiehlee-money/InvestorConference/blob/main/data/2408/2408_2026_q1_ir.md),,,,[A](https://github.com/wenchiehlee-money/InvestorConference/releases/download/audio-files/2408_2026_q2.m4a),[S](https://github.com/wenchiehlee-money/InvestorConference/blob/main/data/2408/2408_2026_q2_FIN.srt),,[I](https://github.com/wenchiehlee-money/InvestorConference/blob/main/data/2408/2408_2026_q2_ir_en.pdf),[M](https://github.com/wenchiehlee-money/InvestorConference/blob/main/data/2408/2408_2026_q2_ir.md),,,,,,,,,,,,,,,,,,,
7734,印能科技,2026,2026-09-27T08:25:39.672509+00:00,,,,[I](https://github.com/wenchiehlee-money/InvestorConference/blob/main/data/7734/7734_2026_q1_ir_en.pdf),[M](https://github.com/wenchiehlee-money/InvestorConference/blob/main/data/7734/7734_2026_q1_ir.md),,,,,,,[I](https://github.com/wenchiehlee-money/InvestorConference/blob/main/data/7734/7734_2026_q2_ir.pdf),[M](https://github.com/wenchiehlee-money/InvestorConference/blob/main/data/7734/7734_2026_q2_ir.md),,,[D-](https://github.com/wenchiehlee-money/InvestorConference/blob/main/data/reports/conference-digests/7734/7734_2026_q2_digest.md),,,,,,,,,,,,,,,,
2474,可成,2026,2026-09-27T08:25:39.672509+00:00,,,,[I](https://github.com/wenchiehlee-money/InvestorConference/blob/main/data/2474/2474_2026_q1_ir.pdf),[M](https://github.com/wenchiehlee-money/InvestorConference/blob/main/data/2474/2474_2026_q1_ir.md),,,,,,,[I](https://github.com/wenchiehlee-money/InvestorConference/blob/main/data/2474/2474_2026_q2_ir_en.pdf),[M](https://github.com/wenchiehlee-money/InvestorConference/blob/main/data/2474/2474_2026_q2_ir_en.md),,,,,,,,,,,,,,,,,,,
2383,台光電,2026,2026-09-27T08:25:39.672509+00:00,,,,,,,,,,,,[I](https://github.com/wenchiehlee-money/InvestorConference/blob/main/data/2383/2383_2026_q2_ir_en.pdf),[M](https://github.com/wenchiehlee-money/InvestorConference/blob/main/data/2383/2383_2026_q2_ir_en.md),,,,,,,,,,,,,,,,,,,
3045,台灣大,2026,2026-09-27T08:25:39.672509+00:00,[A](https://github.com/wenchiehlee-money/InvestorConference/releases/download/audio-files/3045_2026_q1.m4a),[S](https://github.com/wenchiehlee-money/InvestorConference/blob/main/data/3045/3045_2026_q1_FIN.srt),,[I](https://github.com/wenchiehlee-money/InvestorConference/blob/main/data/3045/3045_2026_q1_ir.pdf),[M](https://github.com/wenchiehlee-money/InvestorConference/blob/main/data/3045/3045_2026_q1_ir_en.md),,,[D-](https://github.com/wenchiehlee-money/InvestorConference/blob/main/data/reports/conference-digests/3045/3045_2026_q1_digest.md),[A](https://github.com/wenchiehlee-money/InvestorConference/releases/download/audio-files/3045_2026_q2.m4a),[S](https://github.com/wenchiehlee-money/InvestorConference/blob/main/data/3045/3045_2026_q2_FIN.srt),[G](https://github.com/wenchiehlee-money/InvestorConference/blob/main/data/3045/3045_2026_q2_GT.srt),[I](https://github.com/wenchiehlee-money/InvestorConference/blob/main/data/3045/3045_2026_q2_ir.pdf),[M](https://github.com/wenchiehlee-money/InvestorConference/blob/main/data/3045/3045_2026_q2_ir.md),,,[D-](https://github.com/wenchiehlee-money/InvestorConference/blob/main/data/reports/conference-digests/3045/3045_2026_q2_digest.md),,,,,,,,,,,,,,,,
2330,台積電,2026,2026-09-27T08:25:39.672509+00:00,[A](https://github.com/wenchiehlee-money/InvestorConference/releases/download/audio-files/2330_2026_q1.m4a),[S](https://github.com/wenchiehlee-money/InvestorConference/blob/main/data/2330/2330_2026_q1_FIN.srt),[G](https://github.com/wenchiehlee-money/InvestorConference/blob/main/data/2330/2330_2026_q1_GT.srt),[I](https://github.com/wenchiehlee-money/InvestorConference/blob/main/data/2330/2330_2026_q1_ir.pdf),[M](https://github.com/wenchiehlee-money/InvestorConference/blob/main/data/2330/2330_2026_q1_ir.md),,,[D-](https://github.com/wenchiehlee-money/InvestorConference/blob/main/data/reports/conference-digests/2330/2330_2026_q1_digest.md),[A](https://github.com/wenchiehlee-money/InvestorConference/releases/download/audio-files/2330_2026_q2.m4a),[S](https://github.com/wenchiehlee-money/InvestorConference/blob/main/data/2330/2330_2026_q2_FIN.srt),,[I](https://github.com/wenchiehlee-money/InvestorConference/blob/main/data/2330/2330_2026_q2_ir_en.pdf),[M](https://github.com/wenchiehlee-money/InvestorConference/blob/main/data/2330/2330_2026_q2_ir_en.md),,,[D-](https://github.com/wenchiehlee-money/InvestorConference/blob/main/data/reports/conference-digests/2330/2330_2026_q2_digest.md),,,,,,,,,,,,,,,,
2330,台積電,2025,2026-09-27T08:25:39.672509+00:00,[A](https://github.com/wenchiehlee-money/InvestorConference/releases/download/audio-files/2330_2025_q1.m4a),[S](https://github.com/wenchiehlee-money/InvestorConference/blob/main/data/2330/2330_2025_q1_FIN.srt),[G](https://github.com/wenchiehlee-money/InvestorConference/blob/main/data/2330/2330_2025_q1_GT.srt),[I](https://github.com/wenchiehlee-money/InvestorConference/blob/main/data/2330/2330_2025_q1_ir.pdf),[M](https://github.com/wenchiehlee-money/InvestorConference/blob/main/data/2330/2330_2025_q1_ir.md),,,,[A](https://github.com/wenchiehlee-money/InvestorConference/releases/download/audio-files/2330_2025_q2.m4a),[S](https://github.com/wenchiehlee-money/InvestorConference/blob/main/data/2330/2330_2025_q2_FIN.srt),[G](https://github.com/wenchiehlee-money/InvestorConference/blob/main/data/2330/2330_2025_q2_GT.srt),[I](https://github.com/wenchiehlee-money/InvestorConference/blob/main/data/2330/2330_2025_q2_ir_en.pdf),[M](https://github.com/wenchiehlee-money/InvestorConference/blob/main/data/2330/2330_2025_q2_ir_en.md),,,,[A](https://github.com/wenchiehlee-money/InvestorConference/releases/download/audio-files/2330_2025_q3.m4a),[S](https://github.com/wenchiehlee-money/InvestorConference/blob/main/data/2330/2330_2025_q3_FIN.srt),[G](https://github.com/wenchiehlee-money/InvestorConference/blob/main/data/2330/2330_2025_q3_GT.srt),[I](https://github.com/wenchiehlee-money/InvestorConference/blob/main/data/2330/2330_2025_q3_ir_en.pdf),[M](https://github.com/wenchiehlee-money/InvestorConference/blob/main/data/2330/2330_2025_q3_ir_en.md),,,,[A](https://github.com/wenchiehlee-money/InvestorConference/releases/download/audio-files/2330_2025_q4.m4a),[S](https://github.com/wenchiehlee-money/InvestorConference/blob/main/data/2330/2330_2025_q4_FIN.srt),[G](https://github.com/wenchiehlee-money/InvestorConference/blob/main/data/2330/2330_2025_q4_GT.srt),[I](https://github.com/wenchiehlee-money/InvestorConference/blob/main/data/2330/2330_2025_q4_ir.pdf),[M](https://github.com/wenchiehlee-money/InvestorConference/blob/main/data/2330/2330_2025_q4_ir_en.md),,,[D-](https://github.com/wenchiehlee-money/InvestorConference/blob/main/data/reports/conference-digests/2330/2330_2025_q4_digest.md)
2308,台達電,2026,2026-09-27T08:25:39.672509+00:00,[A](https://github.com/wenchiehlee-money/InvestorConference/releases/download/audio-files/2308_2026_q1.m4a),[S](https://github.com/wenchiehlee-money/InvestorConference/blob/main/data/2308/2308_2026_q1_FIN.srt),[G](https://github.com/wenchiehlee-money/InvestorConference/blob/main/data/2308/2308_2026_q1_GT.srt),[I](https://github.com/wenchiehlee-money/InvestorConference/blob/main/data/2308/2308_2026_q1_ir_en.pdf),[M](https://github.com/wenchiehlee-money/InvestorConference/blob/main/data/2308/2308_2026_q1_ir.md),,,[D-](https://github.com/wenchiehlee-money/InvestorConference/blob/main/data/reports/conference-digests/2308/2308_2026_q1_digest.md),[A](https://github.com/wenchiehlee-money/InvestorConference/releases/download/audio-files/2308_2026_q2.m4a),[S](https://github.com/wenchiehlee-money/InvestorConference/blob/main/data/2308/2308_2026_q2_FIN.srt),,[I](https://github.com/wenchiehlee-money/InvestorConference/blob/main/data/2308/2308_2026_q2_ir.pdf),[M](https://github.com/wenchiehlee-money/InvestorConference/blob/main/data/2308/2308_2026_q2_ir.md),,,,,,,,,,,,,,,,,,,
2308,台達電,2025,2026-09-27T08:25:39.672509+00:00,,,,,,,,,,,,,,,,,,,,,,,,,[A](https://github.com/wenchiehlee-money/InvestorConference/releases/download/audio-files/2308_2025_q4.m4a),[S](https://github.com/wenchiehlee-money/InvestorConference/blob/main/data/2308/2308_2025_q4_FIN.srt),[G](https://github.com/wenchiehlee-money/InvestorConference/blob/main/data/2308/2308_2025_q4_GT.srt),[I](https://github.com/wenchiehlee-money/InvestorConference/blob/main/data/2308/2308_2025_q4_ir_en.pdf),[M](https://github.com/wenchiehlee-money/InvestorConference/blob/main/data/2308/2308_2025_q4_ir.md),,,
4938,和碩,2026,2026-09-27T08:25:39.672509+00:00,,,,[I](https://github.com/wenchiehlee-money/InvestorConference/blob/main/data/4938/4938_2026_q1_ir_en.pdf),[M](https://github.com/wenchiehlee-money/InvestorConference/blob/main/data/4938/4938_2026_q1_ir.md),,,,[A](https://github.com/wenchiehlee-money/InvestorConference/releases/download/audio-files/4938_2026_q2.m4a),[S](https://github.com/wenchiehlee-money/InvestorConference/blob/main/data/4938/4938_2026_q2_FIN.srt),,[I](https://github.com/wenchiehlee-money/InvestorConference/blob/main/data/4938/4938_2026_q2_ir.pdf),[M](https://github.com/wenchiehlee-money/InvestorConference/blob/main/data/4938/4938_2026_q2_ir.md),,,[D-](https://github.com/wenchiehlee-money/InvestorConference/blob/main/data/reports/conference-digests/4938/4938_2026_q2_digest.md),,,,,,,,,,,,,,,,
4938,和碩,2025,2026-09-27T08:25:39.672509+00:00,,,,,,,,,,,,,,,,,,,,,,,,,,,,[I](https://github.com/wenchiehlee-money/InvestorConference/blob/main/data/4938/4938_2025_q4_ir.pdf),[M](https://github.com/wenchiehlee-money/InvestorConference/blob/main/data/4938/4938_2025_q4_ir_en.md),,,
6285,啟碁,2026,2026-09-27T08:25:39.672509+00:00,,,,[I](https://github.com/wenchiehlee-money/InvestorConference/blob/main/data/6285/6285_2026_q1_ir_en.pdf),[M](https://github.com/wenchiehlee-money/InvestorConference/blob/main/data/6285/6285_2026_q1_ir_en.md),,,,,,,[I](https://github.com/wenchiehlee-money/InvestorConference/blob/main/data/6285/6285_2026_q2_ir_en.pdf),[M](https://github.com/wenchiehlee-money/InvestorConference/blob/main/data/6285/6285_2026_q2_ir_en.md),,,,,,,,,,,,,,,,,,,
2882,國泰金,2026,2026-09-27T08:25:39.672509+00:00,[A](https://github.com/wenchiehlee-money/InvestorConference/releases/download/audio-files/2882_2026_q1.m4a),[S](https://github.com/wenchiehlee-money/InvestorConference/blob/main/data/2882/2882_2026_q1_FIN.srt),,,,,,,[A](https://github.com/wenchiehlee-money/InvestorConference/releases/download/audio-files/2882_2026_q2.m4a),[S](https://github.com/wenchiehlee-money/InvestorConference/blob/main/data/2882/2882_2026_q2_FIN.srt),,,,,,,,,,,,,,,,,,,,,,
3022,威強電,2026,2026-09-27T08:25:39.672509+00:00,[A](https://github.com/wenchiehlee-money/InvestorConference/releases/download/audio-files/3022_2026_q1.m4a),[S](https://github.com/wenchiehlee-money/InvestorConference/blob/main/data/3022/3022_2026_q1_FIN.srt),,[I](https://github.com/wenchiehlee-money/InvestorConference/blob/main/data/3022/3022_2026_q1_ir.pdf),[M](https://github.com/wenchiehlee-money/InvestorConference/blob/main/data/3022/3022_2026_q1_ir_en.md),,,,[A](https://github.com/wenchiehlee-money/InvestorConference/releases/download/audio-files/3022_2026_q2.m4a),[S](https://github.com/wenchiehlee-money/InvestorConference/blob/main/data/3022/3022_2026_q2_FIN.srt),,[I](https://github.com/wenchiehlee-money/InvestorConference/blob/main/data/3022/3022_2026_q2_ir_en.pdf),,,,,,,,,,,,,,,,,,,,
3022,威強電,2025,2026-09-27T08:25:39.672509+00:00,,,,,,,,,,,,,,,,,,,,,,,,,[A](https://github.com/wenchiehlee-money/InvestorConference/releases/download/audio-files/3022_2025_q4.m4a),[S](https://github.com/wenchiehlee-money/InvestorConference/blob/main/data/3022/3022_2025_q4_FIN.srt),[G](https://github.com/wenchiehlee-money/InvestorConference/blob/main/data/3022/3022_2025_q4_GT.srt),[I](https://github.com/wenchiehlee-money/InvestorConference/blob/main/data/3022/3022_2025_q4_ir.pdf),[M](https://github.com/wenchiehlee-money/InvestorConference/blob/main/data/3022/3022_2025_q4_ir_en.md),,,
2353,宏碁,2026,2026-09-27T08:25:39.672509+00:00,,,,[I](https://github.com/wenchiehlee-money/InvestorConference/blob/main/data/2353/2353_2026_q1_ir_en.pdf),[M](https://github.com/wenchiehlee-money/InvestorConference/blob/main/data/2353/2353_2026_q1_ir_en.md),,,,,,,[I](https://github.com/wenchiehlee-money/InvestorConference/blob/main/data/2353/2353_2026_q2_ir.pdf),[M](https://github.com/wenchiehlee-money/InvestorConference/blob/main/data/2353/2353_2026_q2_ir.md),,,,,,,,,,,,,,,,,,,
8454,富邦媒,2026,2026-09-27T08:25:39.672509+00:00,,,,,,,,,[A](https://github.com/wenchiehlee-money/InvestorConference/releases/download/audio-files/8454_2026_q2.m4a),[S](https://github.com/wenchiehlee-money/InvestorConference/blob/main/data/8454/8454_2026_q2_FIN.srt),,[I](https://github.com/wenchiehlee-money/InvestorConference/blob/main/data/8454/8454_2026_q2_ir_en.pdf),[M](https://github.com/wenchiehlee-money/InvestorConference/blob/main/data/8454/8454_2026_q2_ir_en.md),,,,,,,,,,,,,,,,,,,
2881,富邦金,2026,2026-09-27T08:25:39.672509+00:00,,,,,,,,,[A](https://github.com/wenchiehlee-money/InvestorConference/releases/download/audio-files/2881_2026_q2.m4a),[S](https://github.com/wenchiehlee-money/InvestorConference/blob/main/data/2881/2881_2026_q2_FIN.srt),,,,,,,,,,,,,,,,,,,,,,
2382,廣達,2026,2026-09-27T08:25:39.672509+00:00,[A](https://github.com/wenchiehlee-money/InvestorConference/releases/download/audio-files/2382_2026_q1.mp3),[S](https://github.com/wenchiehlee-money/InvestorConference/blob/main/data/2382/2382_2026_q1_FIN.srt),[G](https://github.com/wenchiehlee-money/InvestorConference/blob/main/data/2382/2382_2026_q1_GT.srt),[I](https://github.com/wenchiehlee-money/InvestorConference/blob/main/data/2382/2382_2026_q1_ir_en.pdf),[M](https://github.com/wenchiehlee-money/InvestorConference/blob/main/data/2382/2382_2026_q1_ir.md),,,[D-](https://github.com/wenchiehlee-money/InvestorConference/blob/main/data/reports/conference-digests/2382/2382_2026_q1_digest.md),[A](https://github.com/wenchiehlee-money/InvestorConference/releases/download/audio-files/2382_2026_q2.m4a),[S](https://github.com/wenchiehlee-money/InvestorConference/blob/main/data/2382/2382_2026_q2_FIN.srt),[G](https://github.com/wenchiehlee-money/InvestorConference/blob/main/data/2382/2382_2026_q2_GT.srt),[I](https://github.com/wenchiehlee-money/InvestorConference/blob/main/data/2382/2382_2026_q2_ir_en.pdf),[M](https://github.com/wenchiehlee-money/InvestorConference/blob/main/data/2382/2382_2026_q2_ir_en.md),,,[D-](https://github.com/wenchiehlee-money/InvestorConference/blob/main/data/reports/conference-digests/2382/2382_2026_q2_digest.md),,,,,,,,,,,,,,,,
2382,廣達,2025,2026-09-27T08:25:39.672509+00:00,[A](https://github.com/wenchiehlee-money/InvestorConference/releases/download/audio-files/2382_2025_q1.mp3),[S](https://github.com/wenchiehlee-money/InvestorConference/blob/main/data/2382/2382_2025_q1_FIN.srt),,[I](https://github.com/wenchiehlee-money/InvestorConference/blob/main/data/2382/2382_2025_q1_ir.pdf),[M](https://github.com/wenchiehlee-money/InvestorConference/blob/main/data/2382/2382_2025_q1_ir.md),,,,[A](https://github.com/wenchiehlee-money/InvestorConference/releases/download/audio-files/2382_2025_q2.mp3),[S](https://github.com/wenchiehlee-money/InvestorConference/blob/main/data/2382/2382_2025_q2_FIN.srt),,[I](https://github.com/wenchiehlee-money/InvestorConference/blob/main/data/2382/2382_2025_q2_ir_en.pdf),[M](https://github.com/wenchiehlee-money/InvestorConference/blob/main/data/2382/2382_2025_q2_ir_en.md),,,,[A](https://github.com/wenchiehlee-money/InvestorConference/releases/download/audio-files/2382_2025_q3.mp3),[S](https://github.com/wenchiehlee-money/InvestorConference/blob/main/data/2382/2382_2025_q3_FIN.srt),[G](https://github.com/wenchiehlee-money/InvestorConference/blob/main/data/2382/2382_2025_q3_GT.srt),[I](https://github.com/wenchiehlee-money/InvestorConference/blob/main/data/2382/2382_2025_q3_ir_en.pdf),[M](https://github.com/wenchiehlee-money/InvestorConference/blob/main/data/2382/2382_2025_q3_ir.md),,,,,,,[I](https://github.com/wenchiehlee-money/InvestorConference/blob/main/data/2382/2382_2025_q4_ir.pdf),[M](https://github.com/wenchiehlee-money/InvestorConference/blob/main/data/2382/2382_2025_q4_ir_en.md),,,[D-](https://github.com/wenchiehlee-money/InvestorConference/blob/main/data/reports/conference-digests/2382/2382_2025_q4_digest.md)
2377,微星,2025,2026-09-27T08:25:39.672509+00:00,,,,,,,,,,,,,,,,,,,,,,,,,,,,[I](https://github.com/wenchiehlee-money/InvestorConference/blob/main/data/2377/2377_2025_q4_ir.pdf),[M](https://github.com/wenchiehlee-money/InvestorConference/blob/main/data/2377/2377_2025_q4_ir_en.md),,,
2376,技嘉,2026,2026-09-27T08:25:39.672509+00:00,[A](https://github.com/wenchiehlee-money/InvestorConference/releases/download/audio-files/2376_2026_q1.m4a),[S](https://github.com/wenchiehlee-money/InvestorConference/blob/main/data/2376/2376_2026_q1_FIN.srt),,[I](https://github.com/wenchiehlee-money/InvestorConference/blob/main/data/2376/2376_2026_q1_ir_en.pdf),[M](https://github.com/wenchiehlee-money/InvestorConference/blob/main/data/2376/2376_2026_q1_ir.md),,,,,,,,,,,,,,,,,,,,,,,,,,,
2480,敦陽科,2026,2026-09-27T08:25:39.672509+00:00,[A](https://github.com/wenchiehlee-money/InvestorConference/releases/download/audio-files/2480_2026_q1.m4a),[S](https://github.com/wenchiehlee-money/InvestorConference/blob/main/data/2480/2480_2026_q1_FIN.srt),[G](https://github.com/wenchiehlee-money/InvestorConference/blob/main/data/2480/2480_2026_q1_GT.srt),[I](https://github.com/wenchiehlee-money/InvestorConference/blob/main/data/2480/2480_2026_q1_ir.pdf),[M](https://github.com/wenchiehlee-money/InvestorConference/blob/main/data/2480/2480_2026_q1_ir.md),,,[D-](https://github.com/wenchiehlee-money/InvestorConference/blob/main/data/reports/conference-digests/2480/2480_2026_q1_digest.md),[A](https://github.com/wenchiehlee-money/InvestorConference/releases/download/audio-files/2480_2026_q2.m4a),[S](https://github.com/wenchiehlee-money/InvestorConference/blob/main/data/2480/2480_2026_q2_FIN.srt),[G](https://github.com/wenchiehlee-money/InvestorConference/blob/main/data/2480/2480_2026_q2_GT.srt),[I](https://github.com/wenchiehlee-money/InvestorConference/blob/main/data/2480/2480_2026_q2_ir.pdf),[M](https://github.com/wenchiehlee-money/InvestorConference/blob/main/data/2480/2480_2026_q2_ir_en.md),,,[D-](https://github.com/wenchiehlee-money/InvestorConference/blob/main/data/reports/conference-digests/2480/2480_2026_q2_digest.md),,,,,,,,,,,,,,,,
2480,敦陽科,2025,2026-09-27T08:25:39.672509+00:00,,,,,,,,,,,,,,,,,[A](https://github.com/wenchiehlee-money/InvestorConference/releases/download/audio-files/2480_2025_q3.m4a),[S](https://github.com/wenchiehlee-money/InvestorConference/blob/main/data/2480/2480_2025_q3_FIN.srt),[G](https://github.com/wenchiehlee-money/InvestorConference/blob/main/data/2480/2480_2025_q3_GT.srt),[I](https://github.com/wenchiehlee-money/InvestorConference/blob/main/data/2480/2480_2025_q3_ir.pdf),[M](https://github.com/wenchiehlee-money/InvestorConference/blob/main/data/2480/2480_2025_q3_ir_en.md),,,,[A](https://github.com/wenchiehlee-money/InvestorConference/releases/download/audio-files/2480_2025_q4.m4a),[S](https://github.com/wenchiehlee-money/InvestorConference/blob/main/data/2480/2480_2025_q4_FIN.srt),[G](https://github.com/wenchiehlee-money/InvestorConference/blob/main/data/2480/2480_2025_q4_GT.srt),[I](https://github.com/wenchiehlee-money/InvestorConference/blob/main/data/2480/2480_2025_q4_ir.pdf),[M](https://github.com/wenchiehlee-money/InvestorConference/blob/main/data/2480/2480_2025_q4_ir.md),,,
3711,日月光投控,2026,2026-09-27T08:25:39.672509+00:00,,,,,,,,,[A](https://github.com/wenchiehlee-money/InvestorConference/releases/download/audio-files/3711_2026_q2.m4a),[S](https://github.com/wenchiehlee-money/InvestorConference/blob/main/data/3711/3711_2026_q2_FIN.srt),,[I](https://github.com/wenchiehlee-money/InvestorConference/blob/main/data/3711/3711_2026_q2_ir.pdf),[M](https://github.com/wenchiehlee-money/InvestorConference/blob/main/data/3711/3711_2026_q2_ir_en.md),,,,,,,,,,,,,,,,,,,
2337,旺宏,2026,2026-09-27T08:25:39.672509+00:00,,,,,,,,,,,,[I](https://github.com/wenchiehlee-money/InvestorConference/blob/main/data/2337/2337_2026_q2_ir_en.pdf),[M](https://github.com/wenchiehlee-money/InvestorConference/blob/main/data/2337/2337_2026_q2_ir.md),,,,,,,,,,,,,,,,,,,
3035,智原,2026,2026-09-27T08:25:39.672509+00:00,,,,,,,,,[A](https://github.com/wenchiehlee-money/InvestorConference/releases/download/audio-files/3035_2026_q2.m4a),[S](https://github.com/wenchiehlee-money/InvestorConference/blob/main/data/3035/3035_2026_q2_FIN.srt),,[I](https://github.com/wenchiehlee-money/InvestorConference/blob/main/data/3035/3035_2026_q2_ir.pdf),[M](https://github.com/wenchiehlee-money/InvestorConference/blob/main/data/3035/3035_2026_q2_ir.md),,,,,,,,,,,,,,,,,,,
2345,智邦,2026,2026-09-27T08:25:39.672509+00:00,,,,[I](https://github.com/wenchiehlee-money/InvestorConference/blob/main/data/2345/2345_2026_q1_ir_en.pdf),[M](https://github.com/wenchiehlee-money/InvestorConference/blob/main/data/2345/2345_2026_q1_ir_en.md),,,,,,,,,,,,,,,,,,,,,,,,,,,
2884,玉山金,2026,2026-09-27T08:25:39.672509+00:00,,,,,,,,,[A](https://github.com/wenchiehlee-money/InvestorConference/releases/download/audio-files/2884_2026_q2.m4a),[S](https://github.com/wenchiehlee-money/InvestorConference/blob/main/data/2884/2884_2026_q2_FIN.srt),,,,,,,,,,,,,,,,,,,,,,
2379,瑞昱,2026,2026-09-27T08:25:39.672509+00:00,,,,,,,,,[A](https://github.com/wenchiehlee-money/InvestorConference/releases/download/audio-files/2379_2026_q2.m4a),[S](https://github.com/wenchiehlee-money/InvestorConference/blob/main/data/2379/2379_2026_q2_FIN.srt),,[I](https://github.com/wenchiehlee-money/InvestorConference/blob/main/data/2379/2379_2026_q2_ir.pdf),[M](https://github.com/wenchiehlee-money/InvestorConference/blob/main/data/2379/2379_2026_q2_ir_en.md),,,,,,,,,,,,,,,,,,,
2379,瑞昱,2025,2026-09-27T08:25:39.672509+00:00,,,,,,,,,,,,,,,,,,,,,,,,,[A](https://github.com/wenchiehlee-money/InvestorConference/releases/download/audio-files/2379_2025_q4.m4a),[S](https://github.com/wenchiehlee-money/InvestorConference/blob/main/data/2379/2379_2025_q4_FIN.srt),,[I](https://github.com/wenchiehlee-money/InvestorConference/blob/main/data/2379/2379_2025_q4_ir_en.pdf),[M](https://github.com/wenchiehlee-money/InvestorConference/blob/main/data/2379/2379_2025_q4_ir.md),,,
2395,研華,2026,2026-09-27T08:25:39.672509+00:00,,,,[I](https://github.com/wenchiehlee-money/InvestorConference/blob/main/data/2395/2395_2026_q1_ir_en.pdf),[M](https://github.com/wenchiehlee-money/InvestorConference/blob/main/data/2395/2395_2026_q1_ir_en.md),,,,[A](https://github.com/wenchiehlee-money/InvestorConference/releases/download/audio-files/2395_2026_q2.m4a),[S](https://github.com/wenchiehlee-money/InvestorConference/blob/main/data/2395/2395_2026_q2_FIN.srt),,[I](https://github.com/wenchiehlee-money/InvestorConference/blob/main/data/2395/2395_2026_q2_ir_en.pdf),[M](https://github.com/wenchiehlee-money/InvestorConference/blob/main/data/2395/2395_2026_q2_ir_en.md),,,,,,,,,,,,,,,,,,,
5269,祥碩,2026,2026-09-27T08:25:39.672509+00:00,,,,[I](https://github.com/wenchiehlee-money/InvestorConference/blob/main/data/5269/5269_2026_q1_ir_en.pdf),[M](https://github.com/wenchiehlee-money/InvestorConference/blob/main/data/5269/5269_2026_q1_ir.md),,,,,,,,,,,,,,,,,,,,,,,,,,,
6214,精誠,2026,2026-09-27T08:25:39.672509+00:00,,,,[I](https://github.com/wenchiehlee-money/InvestorConference/blob/main/data/6214/6214_2026_q1_ir.pdf),[M](https://github.com/wenchiehlee-money/InvestorConference/blob/main/data/6214/6214_2026_q1_ir.md),,,,,,,[I](https://github.com/wenchiehlee-money/InvestorConference/blob/main/data/6214/6214_2026_q2_ir_en.pdf),[M](https://github.com/wenchiehlee-money/InvestorConference/blob/main/data/6214/6214_2026_q2_ir.md),,,,,,,,,,,,,,,,,,,
6231,系微,2026,2026-09-27T08:25:39.672509+00:00,,,,[I](https://github.com/wenchiehlee-money/InvestorConference/blob/main/data/6231/6231_2026_q1_ir.pdf),[M](https://github.com/wenchiehlee-money/InvestorConference/blob/main/data/6231/6231_2026_q1_ir_en.md),,,,,,,,,,,,,,,,,,,,,,,,,,,
3231,緯創,2026,2026-09-27T08:25:39.672509+00:00,,,,[I](https://github.com/wenchiehlee-money/InvestorConference/blob/main/data/3231/3231_2026_q1_ir.pdf),[M](https://github.com/wenchiehlee-money/InvestorConference/blob/main/data/3231/3231_2026_q1_ir.md),,,[D-](https://github.com/wenchiehlee-money/InvestorConference/blob/main/data/reports/conference-digests/3231/3231_2026_q1_digest.md),[A](https://github.com/wenchiehlee-money/InvestorConference/releases/download/audio-files/3231_2026_q2.m4a),[S](https://github.com/wenchiehlee-money/InvestorConference/blob/main/data/3231/3231_2026_q2_FIN.srt),[G](https://github.com/wenchiehlee-money/InvestorConference/blob/main/data/3231/3231_2026_q2_GT.srt),[I](https://github.com/wenchiehlee-money/InvestorConference/blob/main/data/3231/3231_2026_q2_ir_en.pdf),[M](https://github.com/wenchiehlee-money/InvestorConference/blob/main/data/3231/3231_2026_q2_ir.md),,,[D-](https://github.com/wenchiehlee-money/InvestorConference/blob/main/data/reports/conference-digests/3231/3231_2026_q2_digest.md),,,,,,,,,,,,,,,,
3231,緯創,2025,2026-09-27T08:25:39.672509+00:00,,,,,,,,,,,,,,,,,[A](https://github.com/wenchiehlee-money/InvestorConference/releases/download/audio-files/3231_2025_q3.mp3),[S](https://github.com/wenchiehlee-money/InvestorConference/blob/main/data/3231/3231_2025_q3_FIN.srt),,,,,,,[A](https://github.com/wenchiehlee-money/InvestorConference/releases/download/audio-files/3231_2025_q4.mp3),[S](https://github.com/wenchiehlee-money/InvestorConference/blob/main/data/3231/3231_2025_q4_FIN.srt),[G](https://github.com/wenchiehlee-money/InvestorConference/blob/main/data/3231/3231_2025_q4_GT.srt),[I](https://github.com/wenchiehlee-money/InvestorConference/blob/main/data/3231/3231_2025_q4_ir.pdf),[M](https://github.com/wenchiehlee-money/InvestorConference/blob/main/data/3231/3231_2025_q4_ir_en.md),,,[D-](https://github.com/wenchiehlee-money/InvestorConference/blob/main/data/reports/conference-digests/3231/3231_2025_q4_digest.md)
3231,緯創,2024,2026-09-27T08:25:39.672509+00:00,,,,,,,,,,,,,,,,,[A](https://github.com/wenchiehlee-money/InvestorConference/releases/download/audio-files/3231_2024_q3.mp3),[S](https://github.com/wenchiehlee-money/InvestorConference/blob/main/data/3231/3231_2024_q3_FIN.srt),,,,,,,[A](https://github.com/wenchiehlee-money/InvestorConference/releases/download/audio-files/3231_2024_q4.mp3),[S](https://github.com/wenchiehlee-money/InvestorConference/blob/main/data/3231/3231_2024_q4_FIN.srt),,,,,,
3231,緯創,2023,2026-09-27T08:25:39.672509+00:00,,,,,,,,,,,,,,,,,,,,,,,,,[A](https://github.com/wenchiehlee-money/InvestorConference/releases/download/audio-files/3231_2023_q4.m4a),[S](https://github.com/wenchiehlee-money/InvestorConference/blob/main/data/3231/3231_2023_q4_FIN.srt),,,,,,
6669,緯穎,2026,2026-09-27T08:25:39.672509+00:00,,,,[I](https://github.com/wenchiehlee-money/InvestorConference/blob/main/data/6669/6669_2026_q1_ir_en.pdf),[M](https://github.com/wenchiehlee-money/InvestorConference/blob/main/data/6669/6669_2026_q1_ir_en.md),,,,,,,[I](https://github.com/wenchiehlee-money/InvestorConference/blob/main/data/6669/6669_2026_q2_ir.pdf),[M](https://github.com/wenchiehlee-money/InvestorConference/blob/main/data/6669/6669_2026_q2_ir.md),,,,,,,,,,,,,,,,,,,
8299,群聯,2026,2026-09-27T08:25:39.672509+00:00,,,,[I](https://github.com/wenchiehlee-money/InvestorConference/blob/main/data/8299/8299_2026_q1_ir.pdf),[M](https://github.com/wenchiehlee-money/InvestorConference/blob/main/data/8299/8299_2026_q1_ir.md),,,,,,,[I](https://github.com/wenchiehlee-money/InvestorConference/blob/main/data/8299/8299_2026_q2_ir.pdf),[M](https://github.com/wenchiehlee-money/InvestorConference/blob/main/data/8299/8299_2026_q2_ir.md),,,,,,,,,,,,,,,,,,,
8299,群聯,2025,2026-09-27T08:25:39.672509+00:00,,,,,,,,,,,,,,,,,,,,,,,,,[A](https://github.com/wenchiehlee-money/InvestorConference/releases/download/audio-files/8299_2025_q4.mp3),[S](https://github.com/wenchiehlee-money/InvestorConference/blob/main/data/8299/8299_2025_q4_FIN.srt),[G](https://github.com/wenchiehlee-money/InvestorConference/blob/main/data/8299/8299_2025_q4_GT.srt),[I](https://github.com/wenchiehlee-money/InvestorConference/blob/main/data/8299/8299_2025_q4_ir.pdf),[M](https://github.com/wenchiehlee-money/InvestorConference/blob/main/data/8299/8299_2025_q4_ir.md),,,
2458,義隆,2026,2026-09-27T08:25:39.672509+00:00,[A](https://github.com/wenchiehlee-money/InvestorConference/releases/download/audio-files/2458_2026_q1.m4a),[S](https://github.com/wenchiehlee-money/InvestorConference/blob/main/data/2458/2458_2026_q1_FIN.srt),[G](https://github.com/wenchiehlee-money/InvestorConference/blob/main/data/2458/2458_2026_q1_GT.srt),[I](https://github.com/wenchiehlee-money/InvestorConference/blob/main/data/2458/2458_2026_q1_ir.pdf),[M](https://github.com/wenchiehlee-money/InvestorConference/blob/main/data/2458/2458_2026_q1_ir.md),,,,[A](https://github.com/wenchiehlee-money/InvestorConference/releases/download/audio-files/2458_2026_q2.m4a),[S](https://github.com/wenchiehlee-money/InvestorConference/blob/main/data/2458/2458_2026_q2_FIN.srt),,[I](https://github.com/wenchiehlee-money/InvestorConference/blob/main/data/2458/2458_2026_q2_ir.pdf),[M](https://github.com/wenchiehlee-money/InvestorConference/blob/main/data/2458/2458_2026_q2_ir_en.md),,,,,,,,,,,,,,,,,,,
2458,義隆,2025,2026-09-27T08:25:39.672509+00:00,,,,,,,,,,,,,,,,,,,,,,,,,[A](https://github.com/wenchiehlee-money/InvestorConference/releases/download/audio-files/2458_2025_q4.m4a),[S](https://github.com/wenchiehlee-money/InvestorConference/blob/main/data/2458/2458_2025_q4_FIN.srt),,[I](https://github.com/wenchiehlee-money/InvestorConference/blob/main/data/2458/2458_2025_q4_ir.pdf),[M](https://github.com/wenchiehlee-money/InvestorConference/blob/main/data/2458/2458_2025_q4_ir_en.md),,,
2347,聯強,2026,2026-09-27T08:25:39.672509+00:00,[A](https://github.com/wenchiehlee-money/InvestorConference/releases/download/audio-files/2347_2026_q1.m4a),[S](https://github.com/wenchiehlee-money/InvestorConference/blob/main/data/2347/2347_2026_q1_FIN.srt),,[I](https://github.com/wenchiehlee-money/InvestorConference/blob/main/data/2347/2347_2026_q1_ir.pdf),[M](https://github.com/wenchiehlee-money/InvestorConference/blob/main/data/2347/2347_2026_q1_ir_en.md),,,,[A](https://github.com/wenchiehlee-money/InvestorConference/releases/download/audio-files/2347_2026_q2.m4a),[S](https://github.com/wenchiehlee-money/InvestorConference/blob/main/data/2347/2347_2026_q2_FIN.srt),,[I](https://github.com/wenchiehlee-money/InvestorConference/blob/main/data/2347/2347_2026_q2_ir.pdf),,,,,,,,,,,,,,,,,,,,
2347,聯強,2025,2026-09-27T08:25:39.672509+00:00,,,,,,,,,,,,,,,,,,,,,,,,,[A](https://github.com/wenchiehlee-money/InvestorConference/releases/download/audio-files/2347_2025_q4.m4a),[S](https://github.com/wenchiehlee-money/InvestorConference/blob/main/data/2347/2347_2025_q4_FIN.srt),[G](https://github.com/wenchiehlee-money/InvestorConference/blob/main/data/2347/2347_2025_q4_GT.srt),[I](https://github.com/wenchiehlee-money/InvestorConference/blob/main/data/2347/2347_2025_q4_ir.pdf),[M](https://github.com/wenchiehlee-money/InvestorConference/blob/main/data/2347/2347_2025_q4_ir.md),,,
2454,聯發科,2026,2026-09-27T08:25:39.672509+00:00,,[S](https://github.com/wenchiehlee-money/InvestorConference/blob/main/data/2454/2454_2026_q1_FIN.srt),[G](https://github.com/wenchiehlee-money/InvestorConference/blob/main/data/2454/2454_2026_q1_GT.srt),[I](https://github.com/wenchiehlee-money/InvestorConference/blob/main/data/2454/2454_2026_q1_ir_en.pdf),[M](https://github.com/wenchiehlee-money/InvestorConference/blob/main/data/2454/2454_2026_q1_ir.md),,,[D-](https://github.com/wenchiehlee-money/InvestorConference/blob/main/data/reports/conference-digests/2454/2454_2026_q1_digest.md),[A](https://github.com/wenchiehlee-money/InvestorConference/releases/download/audio-files/2454_2026_q2.m4a),[S](https://github.com/wenchiehlee-money/InvestorConference/blob/main/data/2454/2454_2026_q2_FIN.srt),,[I](https://github.com/wenchiehlee-money/InvestorConference/blob/main/data/2454/2454_2026_q2_ir_en.pdf),[M](https://github.com/wenchiehlee-money/InvestorConference/blob/main/data/2454/2454_2026_q2_ir.md),,,,,,,,,,,,,,,,,,,
2454,聯發科,2025,2026-09-27T08:25:39.672509+00:00,[A](https://github.com/wenchiehlee-money/InvestorConference/releases/download/audio-files/2454_2025_q1.m4a),[S](https://github.com/wenchiehlee-money/InvestorConference/blob/main/data/2454/2454_2025_q1_FIN.srt),[G](https://github.com/wenchiehlee-money/InvestorConference/blob/main/data/2454/2454_2025_q1_GT.srt),[I](https://github.com/wenchiehlee-money/InvestorConference/blob/main/data/2454/2454_2025_q1_ir.pdf),[M](https://github.com/wenchiehlee-money/InvestorConference/blob/main/data/2454/2454_2025_q1_ir_en.md),,,,[A](https://github.com/wenchiehlee-money/InvestorConference/releases/download/audio-files/2454_2025_q2.m4a),[S](https://github.com/wenchiehlee-money/InvestorConference/blob/main/data/2454/2454_2025_q2_FIN.srt),[G](https://github.com/wenchiehlee-money/InvestorConference/blob/main/data/2454/2454_2025_q2_GT.srt),[I](https://github.com/wenchiehlee-money/InvestorConference/blob/main/data/2454/2454_2025_q2_ir_en.pdf),[M](https://github.com/wenchiehlee-money/InvestorConference/blob/main/data/2454/2454_2025_q2_ir.md),,,,[A](https://github.com/wenchiehlee-money/InvestorConference/releases/download/audio-files/2454_2025_q3.m4a),[S](https://github.com/wenchiehlee-money/InvestorConference/blob/main/data/2454/2454_2025_q3_FIN.srt),[G](https://github.com/wenchiehlee-money/InvestorConference/blob/main/data/2454/2454_2025_q3_GT.srt),[I](https://github.com/wenchiehlee-money/InvestorConference/blob/main/data/2454/2454_2025_q3_ir_en.pdf),[M](https://github.com/wenchiehlee-money/InvestorConference/blob/main/data/2454/2454_2025_q3_ir.md),,,,[A](https://github.com/wenchiehlee-money/InvestorConference/releases/download/audio-files/2454_2025_q4.m4a),[S](https://github.com/wenchiehlee-money/InvestorConference/blob/main/data/2454/2454_2025_q4_FIN.srt),[G](https://github.com/wenchiehlee-money/InvestorConference/blob/main/data/2454/2454_2025_q4_GT.srt),[I](https://github.com/wenchiehlee-money/InvestorConference/blob/main/data/2454/2454_2025_q4_ir.pdf),[M](https://github.com/wenchiehlee-money/InvestorConference/blob/main/data/2454/2454_2025_q4_ir.md),,,
3034,聯詠,2026,2026-09-27T08:25:39.672509+00:00,,,,[I](https://github.com/wenchiehlee-money/InvestorConference/blob/main/data/3034/3034_2026_q1_ir_en.pdf),[M](https://github.com/wenchiehlee-money/InvestorConference/blob/main/data/3034/3034_2026_q1_ir_en.md),,,,[A](https://github.com/wenchiehlee-money/InvestorConference/releases/download/audio-files/3034_2026_q2.m4a),[S](https://github.com/wenchiehlee-money/InvestorConference/blob/main/data/3034/3034_2026_q2_FIN.srt),,[I](https://github.com/wenchiehlee-money/InvestorConference/blob/main/data/3034/3034_2026_q2_ir_en.pdf),[M](https://github.com/wenchiehlee-money/InvestorConference/blob/main/data/3034/3034_2026_q2_ir.md),,,,,,,,,,,,,,,,,,,
3034,聯詠,2025,2026-09-27T08:25:39.672509+00:00,,,,,,,,,,,,,,,,,[A](https://github.com/wenchiehlee-money/InvestorConference/releases/download/audio-files/3034_2025_q3.m4a),[S](https://github.com/wenchiehlee-money/InvestorConference/blob/main/data/3034/3034_2025_q3_FIN.srt),[G](https://github.com/wenchiehlee-money/InvestorConference/blob/main/data/3034/3034_2025_q3_GT.srt),[I](https://github.com/wenchiehlee-money/InvestorConference/blob/main/data/3034/3034_2025_q3_ir_en.pdf),[M](https://github.com/wenchiehlee-money/InvestorConference/blob/main/data/3034/3034_2025_q3_ir.md),,,,[A](https://github.com/wenchiehlee-money/InvestorConference/releases/download/audio-files/3034_2025_q4.m4a),[S](https://github.com/wenchiehlee-money/InvestorConference/blob/main/data/3034/3034_2025_q4_FIN.srt),[G](https://github.com/wenchiehlee-money/InvestorConference/blob/main/data/3034/3034_2025_q4_GT.srt),[I](https://github.com/wenchiehlee-money/InvestorConference/blob/main/data/3034/3034_2025_q4_ir.pdf),[M](https://github.com/wenchiehlee-money/InvestorConference/blob/main/data/3034/3034_2025_q4_ir.md),,,
3014,聯陽,2026,2026-09-27T08:25:39.672509+00:00,,,,[I](https://github.com/wenchiehlee-money/InvestorConference/blob/main/data/3014/3014_2026_q1_ir.pdf),[M](https://github.com/wenchiehlee-money/InvestorConference/blob/main/data/3014/3014_2026_q1_ir.md),,,,,,,,,,,,,,,,,,,,,,,,,,,
2303,聯電,2026,2026-09-27T08:25:39.672509+00:00,,,,,,,,,[A](https://github.com/wenchiehlee-money/InvestorConference/releases/download/audio-files/2303_2026_q2.m4a),[S](https://github.com/wenchiehlee-money/InvestorConference/blob/main/data/2303/2303_2026_q2_FIN.srt),,[I](https://github.com/wenchiehlee-money/InvestorConference/blob/main/data/2303/2303_2026_q2_ir.pdf),[M](https://github.com/wenchiehlee-money/InvestorConference/blob/main/data/2303/2303_2026_q2_ir.md),,,,,,,,,,,,,,,,,,,
2360,致茂,2026,2026-09-27T08:25:39.672509+00:00,,,,,,,,,[A](https://github.com/wenchiehlee-money/InvestorConference/releases/download/audio-files/2360_2026_q2.m4a),[S](https://github.com/wenchiehlee-money/InvestorConference/blob/main/data/2360/2360_2026_q2_FIN.srt),,[I](https://github.com/wenchiehlee-money/InvestorConference/blob/main/data/2360/2360_2026_q2_ir_en.pdf),[M](https://github.com/wenchiehlee-money/InvestorConference/blob/main/data/2360/2360_2026_q2_ir.md),,,,,,,,,,,,,,,,,,,
2356,英業達,2026,2026-09-27T08:25:39.672509+00:00,,,,[I](https://github.com/wenchiehlee-money/InvestorConference/blob/main/data/2356/2356_2026_q1_ir_en.pdf),[M](https://github.com/wenchiehlee-money/InvestorConference/blob/main/data/2356/2356_2026_q1_ir.md),,,,,,,[I](https://github.com/wenchiehlee-money/InvestorConference/blob/main/data/2356/2356_2026_q2_ir.pdf),,,,,,,,,,,,,,,,,,,,
2356,英業達,2025,2026-09-27T08:25:39.672509+00:00,,,,,,,,,,,,,,,,,,,,,,,,,,,,[I](https://github.com/wenchiehlee-money/InvestorConference/blob/main/data/2356/2356_2025_q4_ir.pdf),[M](https://github.com/wenchiehlee-money/InvestorConference/blob/main/data/2356/2356_2025_q4_ir.md),,,
2357,華碩,2026,2026-09-27T08:25:39.672509+00:00,[A](https://github.com/wenchiehlee-money/InvestorConference/releases/download/audio-files/2357_2026_q1.m4a),[S](https://github.com/wenchiehlee-money/InvestorConference/blob/main/data/2357/2357_2026_q1_FIN.srt),[G](https://github.com/wenchiehlee-money/InvestorConference/blob/main/data/2357/2357_2026_q1_GT.srt),[I](https://github.com/wenchiehlee-money/InvestorConference/blob/main/data/2357/2357_2026_q1_ir_en.pdf),[M](https://github.com/wenchiehlee-money/InvestorConference/blob/main/data/2357/2357_2026_q1_ir_en.md),,,[D-](https://github.com/wenchiehlee-money/InvestorConference/blob/main/data/reports/conference-digests/2357/2357_2026_q1_digest.md),[A](https://github.com/wenchiehlee-money/InvestorConference/releases/download/audio-files/2357_2026_q2.m4a),[S](https://github.com/wenchiehlee-money/InvestorConference/blob/main/data/2357/2357_2026_q2_FIN.srt),[G](https://github.com/wenchiehlee-money/InvestorConference/blob/main/data/2357/2357_2026_q2_GT.srt),[I](https://github.com/wenchiehlee-money/InvestorConference/blob/main/data/2357/2357_2026_q2_ir.pdf),[M](https://github.com/wenchiehlee-money/InvestorConference/blob/main/data/2357/2357_2026_q2_ir.md),,,[D-](https://github.com/wenchiehlee-money/InvestorConference/blob/main/data/reports/conference-digests/2357/2357_2026_q2_digest.md),,,,,,,,,,,,,,,,
2357,華碩,2025,2026-09-27T08:25:39.672509+00:00,,,,,,,,,,,,,,,,,[A](https://github.com/wenchiehlee-money/InvestorConference/releases/download/audio-files/2357_2025_q3.m4a),[S](https://github.com/wenchiehlee-money/InvestorConference/blob/main/data/2357/2357_2025_q3_FIN.srt),[G](https://github.com/wenchiehlee-money/InvestorConference/blob/main/data/2357/2357_2025_q3_GT.srt),[I](https://github.com/wenchiehlee-money/InvestorConference/blob/main/data/2357/2357_2025_q3_ir.pdf),[M](https://github.com/wenchiehlee-money/InvestorConference/blob/main/data/2357/2357_2025_q3_ir.md),,,,[A](https://github.com/wenchiehlee-money/InvestorConference/releases/download/audio-files/2357_2025_q4.m4a),[S](https://github.com/wenchiehlee-money/InvestorConference/blob/main/data/2357/2357_2025_q4_FIN.srt),[G](https://github.com/wenchiehlee-money/InvestorConference/blob/main/data/2357/2357_2025_q4_GT.srt),[I](https://github.com/wenchiehlee-money/InvestorConference/blob/main/data/2357/2357_2025_q4_ir.pdf),[M](https://github.com/wenchiehlee-money/InvestorConference/blob/main/data/2357/2357_2025_q4_ir.md),,,[D-](https://github.com/wenchiehlee-money/InvestorConference/blob/main/data/reports/conference-digests/2357/2357_2025_q4_digest.md)
2357,華碩,2024,2026-09-27T08:25:39.672509+00:00,,,,,,,,,,,,,,,,,,,,,,,,,[A](https://github.com/wenchiehlee-money/InvestorConference/releases/download/audio-files/2357_2024_q4.m4a),[S](https://github.com/wenchiehlee-money/InvestorConference/blob/main/data/2357/2357_2024_q4_FIN.srt),[G](https://github.com/wenchiehlee-money/InvestorConference/blob/main/data/2357/2357_2024_q4_GT.srt),[I](https://github.com/wenchiehlee-money/InvestorConference/blob/main/data/2357/2357_2024_q4_ir.pdf),[M](https://github.com/wenchiehlee-money/InvestorConference/blob/main/data/2357/2357_2024_q4_ir.md),,,
2344,華邦電,2026,2026-09-27T08:25:39.672509+00:00,,,,,,,,,,,,[I](https://github.com/wenchiehlee-money/InvestorConference/blob/main/data/2344/2344_2026_q2_ir.pdf),[M](https://github.com/wenchiehlee-money/InvestorConference/blob/main/data/2344/2344_2026_q2_ir.md),,,,,,,,,,,,,,,,,,,
3665,貿聯-KY,2026,2026-09-27T08:25:39.672509+00:00,,,,[I](https://github.com/wenchiehlee-money/InvestorConference/blob/main/data/3665/3665_2026_q1_ir_en.pdf),[M](https://github.com/wenchiehlee-money/InvestorConference/blob/main/data/3665/3665_2026_q1_ir.md),,,,[A](https://github.com/wenchiehlee-money/InvestorConference/releases/download/audio-files/3665_2026_q2.m4a),[S](https://github.com/wenchiehlee-money/InvestorConference/blob/main/data/3665/3665_2026_q2_FIN.srt),,,,,,,,,,,,,,,,,,,,,,
2603,長榮,2026,2026-09-27T08:25:39.672509+00:00,,,,[I](https://github.com/wenchiehlee-money/InvestorConference/blob/main/data/2603/2603_2026_q1_ir.pdf),[M](https://github.com/wenchiehlee-money/InvestorConference/blob/main/data/2603/2603_2026_q1_ir_en.md),,,,,,,,,,,,,,,,,,,,,,,,,,,
7769,鴻勁,2026,2026-09-27T08:25:39.672509+00:00,[A](https://github.com/wenchiehlee-money/InvestorConference/releases/download/audio-files/7769_2026_q1.m4a),[S](https://github.com/wenchiehlee-money/InvestorConference/blob/main/data/7769/7769_2026_q1_FIN.srt),[G](https://github.com/wenchiehlee-money/InvestorConference/blob/main/data/7769/7769_2026_q1_GT.srt),[I](https://github.com/wenchiehlee-money/InvestorConference/blob/main/data/7769/7769_2026_q1_ir.pdf),[M](https://github.com/wenchiehlee-money/InvestorConference/blob/main/data/7769/7769_2026_q1_ir.md),,,,[A](https://github.com/wenchiehlee-money/InvestorConference/releases/download/audio-files/7769_2026_q2.m4a),[S](https://github.com/wenchiehlee-money/InvestorConference/blob/main/data/7769/7769_2026_q2_FIN.srt),,[I](https://github.com/wenchiehlee-money/InvestorConference/blob/main/data/7769/7769_2026_q2_ir.pdf),[M](https://github.com/wenchiehlee-money/InvestorConference/blob/main/data/7769/7769_2026_q2_ir_en.md),,,,,,,,,,,,,,,,,,,
7769,鴻勁,2025,2026-09-27T08:25:39.672509+00:00,,,,,,,,,,,,,,,,,,,,,,,,,,[S](https://github.com/wenchiehlee-money/InvestorConference/blob/main/data/7769/7769_2025_q4_FIN.srt),,[I](https://github.com/wenchiehlee-money/InvestorConference/blob/main/data/7769/7769_2025_q4_ir.pdf),[M](https://github.com/wenchiehlee-money/InvestorConference/blob/main/data/7769/7769_2025_q4_ir_en.md),,,
2317,鴻海,2026,2026-09-27T08:25:39.672509+00:00,[A](https://github.com/wenchiehlee-money/InvestorConference/releases/download/audio-files/2317_2026_q1.m4a),[S](https://github.com/wenchiehlee-money/InvestorConference/blob/main/data/2317/2317_2026_q1_FIN.srt),,[I](https://github.com/wenchiehlee-money/InvestorConference/blob/main/data/2317/2317_2026_q1_ir.pdf),[M](https://github.com/wenchiehlee-money/InvestorConference/blob/main/data/2317/2317_2026_q1_ir.md),,,,[A](https://github.com/wenchiehlee-money/InvestorConference/releases/download/audio-files/2317_2026_q2.m4a),[S](https://github.com/wenchiehlee-money/InvestorConference/blob/main/data/2317/2317_2026_q2_FIN.srt),,[I](https://github.com/wenchiehlee-money/InvestorConference/blob/main/data/2317/2317_2026_q2_ir_en.pdf),[M](https://github.com/wenchiehlee-money/InvestorConference/blob/main/data/2317/2317_2026_q2_ir.md),,,[D-](https://github.com/wenchiehlee-money/InvestorConference/blob/main/data/reports/conference-digests/2317/2317_2026_q2_digest.md),,,,,,,,,,,,,,,,
2317,鴻海,2025,2026-09-27T08:25:39.672509+00:00,,,,[I](https://github.com/wenchiehlee-money/InvestorConference/blob/main/data/2317/2317_2025_q1_ir_en.pdf),[M](https://github.com/wenchiehlee-money/InvestorConference/blob/main/data/2317/2317_2025_q1_ir_en.md),,,,,,,[I](https://github.com/wenchiehlee-money/InvestorConference/blob/main/data/2317/2317_2025_q2_ir_en.pdf),[M](https://github.com/wenchiehlee-money/InvestorConference/blob/main/data/2317/2317_2025_q2_ir_en.md),,,,,,,[I](https://github.com/wenchiehlee-money/InvestorConference/blob/main/data/2317/2317_2025_q3_ir_en.pdf),[M](https://github.com/wenchiehlee-money/InvestorConference/blob/main/data/2317/2317_2025_q3_ir_en.md),,,,,,,[I](https://github.com/wenchiehlee-money/InvestorConference/blob/main/data/2317/2317_2025_q4_ir_en.pdf),[M](https://github.com/wenchiehlee-money/InvestorConference/blob/main/data/2317/2317_2025_q4_ir_en.md),,,
2317,鴻海,2024,2026-09-27T08:25:39.672509+00:00,,,,[I](https://github.com/wenchiehlee-money/InvestorConference/blob/main/data/2317/2317_2024_q1_ir_en.pdf),[M](https://github.com/wenchiehlee-money/InvestorConference/blob/main/data/2317/2317_2024_q1_ir_en.md),,,,,,,[I](https://github.com/wenchiehlee-money/InvestorConference/blob/main/data/2317/2317_2024_q2_ir_en.pdf),[M](https://github.com/wenchiehlee-money/InvestorConference/blob/main/data/2317/2317_2024_q2_ir_en.md),,,,,,,[I](https://github.com/wenchiehlee-money/InvestorConference/blob/main/data/2317/2317_2024_q3_ir_en.pdf),[M](https://github.com/wenchiehlee-money/InvestorConference/blob/main/data/2317/2317_2024_q3_ir_en.md),,,,,,,[I](https://github.com/wenchiehlee-money/InvestorConference/blob/main/data/2317/2317_2024_q4_ir_en.pdf),[M](https://github.com/wenchiehlee-money/InvestorConference/blob/main/data/2317/2317_2024_q4_ir_en.md),,,
2317,鴻海,2023,2026-09-27T08:25:39.672509+00:00,,,,[I](https://github.com/wenchiehlee-money/InvestorConference/blob/main/data/2317/2317_2023_q1_ir_en.pdf),[M](https://github.com/wenchiehlee-money/InvestorConference/blob/main/data/2317/2317_2023_q1_ir_en.md),,,,,,,[I](https://github.com/wenchiehlee-money/InvestorConference/blob/main/data/2317/2317_2023_q2_ir_en.pdf),[M](https://github.com/wenchiehlee-money/InvestorConference/blob/main/data/2317/2317_2023_q2_ir_en.md),,,,,,,[I](https://github.com/wenchiehlee-money/InvestorConference/blob/main/data/2317/2317_2023_q3_ir_en.pdf),[M](https://github.com/wenchiehlee-money/InvestorConference/blob/main/data/2317/2317_2023_q3_ir_en.md),,,,,,,[I](https://github.com/wenchiehlee-money/InvestorConference/blob/main/data/2317/2317_2023_q4_ir_en.pdf),[M](https://github.com/wenchiehlee-money/InvestorConference/blob/main/data/2317/2317_2023_q4_ir_en.md),,,
2317,鴻海,2022,2026-09-27T08:25:39.672509+00:00,,,,[I](https://github.com/wenchiehlee-money/InvestorConference/blob/main/data/2317/2317_2022_q1_ir_en.pdf),[M](https://github.com/wenchiehlee-money/InvestorConference/blob/main/data/2317/2317_2022_q1_ir_en.md),,,,,,,[I](https://github.com/wenchiehlee-money/InvestorConference/blob/main/data/2317/2317_2022_q2_ir_en.pdf),[M](https://github.com/wenchiehlee-money/InvestorConference/blob/main/data/2317/2317_2022_q2_ir_en.md),,,,,,,[I](https://github.com/wenchiehlee-money/InvestorConference/blob/main/data/2317/2317_2022_q3_ir_en.pdf),[M](https://github.com/wenchiehlee-money/InvestorConference/blob/main/data/2317/2317_2022_q3_ir_en.md),,,,,,,[I](https://github.com/wenchiehlee-money/InvestorConference/blob/main/data/2317/2317_2022_q4_ir_en.pdf),[M](https://github.com/wenchiehlee-money/InvestorConference/blob/main/data/2317/2317_2022_q4_ir_en.md),,,
2317,鴻海,2021,2026-09-27T08:25:39.672509+00:00,,,,,,,,,,,,[I](https://github.com/wenchiehlee-money/InvestorConference/blob/main/data/2317/2317_2021_q2_ir_en.pdf),[M](https://github.com/wenchiehlee-money/InvestorConference/blob/main/data/2317/2317_2021_q2_ir_en.md),,,,,,,[I](https://github.com/wenchiehlee-money/InvestorConference/blob/main/data/2317/2317_2021_q3_ir_en.pdf),[M](https://github.com/wenchiehlee-money/InvestorConference/blob/main/data/2317/2317_2021_q3_ir_en.md),,,,,,,[I](https://github.com/wenchiehlee-money/InvestorConference/blob/main/data/2317/2317_2021_q4_ir_en.pdf),[M](https://github.com/wenchiehlee-money/InvestorConference/blob/main/data/2317/2317_2021_q4_ir_en.md),,,
2354,鴻準,2026,2026-09-27T08:25:39.672509+00:00,[A](https://github.com/wenchiehlee-money/InvestorConference/releases/download/audio-files/2354_2026_q1.m4a),[S](https://github.com/wenchiehlee-money/InvestorConference/blob/main/data/2354/2354_2026_q1_FIN.srt),,[I](https://github.com/wenchiehlee-money/InvestorConference/blob/main/data/2354/2354_2026_q1_ir.pdf),[M](https://github.com/wenchiehlee-money/InvestorConference/blob/main/data/2354/2354_2026_q1_ir_en.md),,,,,,,,,,,,,,,,,,,,,,,,,,,
